Studio;Datum;Uhrzeit;Wochentag;Stunde;Tagesphase;Auslastung_%;Temperatur_C;Niederschlag_mm;Wettercode;Bewoelkung_%;Wind_kmh;Ist_Wochenende;Ist_Feiertag_BE;Ist_Schulferien_BE
charlottenburg;2026-05-16;10:25;Samstag;10;Morgen;40;;;;;;1;0;0
charlottenburg;2026-05-16;12:38;Samstag;12;Mittag;57;;;;;;1;0;0
charlottenburg;2026-05-16;12:57;Samstag;12;Mittag;54;;;;;;1;0;0
charlottenburg;2026-05-16;12:58;Samstag;12;Mittag;54;;;;;;1;0;0
charlottenburg;2026-05-16;13:01;Samstag;13;Mittag;54;13.9;0.0;3;100;13.6;1;0;0
charlottenburg;2026-05-16;13:32;Samstag;13;Mittag;53;14.1;0.0;3;83;14.1;1;0;0
charlottenburg;2026-05-16;14:20;Samstag;14;Mittag;46;14.2;0.0;80;89;14.1;1;0;0
charlottenburg;2026-05-16;14:46;Samstag;14;Mittag;48;14.0;0.0;80;96;13.7;1;0;0
charlottenburg;2026-05-16;16:24;Samstag;16;Mittag;36;14.0;0.0;3;96;11.9;1;0;0
charlottenburg;2026-05-16;17:29;Samstag;17;Abend;39;14.2;0.0;3;100;12.7;1;0;0
kreuzberg;2026-05-16;17:29;Samstag;17;Abend;38;14.2;0.0;3;100;12.7;1;0;0
prenzlauer_berg;2026-05-16;17:29;Samstag;17;Abend;32;14.2;0.0;3;100;12.7;1;0;0
boetzow;2026-05-16;17:29;Samstag;17;Abend;30;14.2;0.0;3;100;12.7;1;0;0
friedrichshain;2026-05-16;17:29;Samstag;17;Abend;38;14.2;0.0;3;100;12.7;1;0;0
womens_club;2026-05-16;17:29;Samstag;17;Abend;26;14.2;0.0;3;100;12.7;1;0;0
gesundbrunnen;2026-05-16;17:29;Samstag;17;Abend;47;14.2;0.0;3;100;12.7;1;0;0
charlottenburg;2026-05-16;18:28;Samstag;18;Abend;30;14.0;0.0;3;100;12.7;1;0;0
kreuzberg;2026-05-16;18:28;Samstag;18;Abend;33;14.0;0.0;3;100;12.7;1;0;0
prenzlauer_berg;2026-05-16;18:28;Samstag;18;Abend;34;14.0;0.0;3;100;12.7;1;0;0
boetzow;2026-05-16;18:28;Samstag;18;Abend;32;14.0;0.0;3;100;12.7;1;0;0
friedrichshain;2026-05-16;18:28;Samstag;18;Abend;44;14.0;0.0;3;100;12.7;1;0;0
womens_club;2026-05-16;18:28;Samstag;18;Abend;23;14.0;0.0;3;100;12.7;1;0;0
gesundbrunnen;2026-05-16;18:28;Samstag;18;Abend;44;14.0;0.0;3;100;12.7;1;0;0
charlottenburg;2026-05-16;19:31;Samstag;19;Abend;37;13.7;0.0;2;65;10.7;1;0;0
kreuzberg;2026-05-16;19:31;Samstag;19;Abend;29;13.7;0.0;2;65;10.7;1;0;0
prenzlauer_berg;2026-05-16;19:31;Samstag;19;Abend;41;13.7;0.0;2;65;10.7;1;0;0
boetzow;2026-05-16;19:31;Samstag;19;Abend;34;13.7;0.0;2;65;10.7;1;0;0
friedrichshain;2026-05-16;19:31;Samstag;19;Abend;40;13.7;0.0;2;65;10.7;1;0;0
womens_club;2026-05-16;19:31;Samstag;19;Abend;28;13.7;0.0;2;65;10.7;1;0;0
gesundbrunnen;2026-05-16;19:31;Samstag;19;Abend;43;13.7;0.0;2;65;10.7;1;0;0
charlottenburg;2026-05-16;21:04;Samstag;21;Abend;38;13.0;0.0;2;62;9.2;1;0;0
kreuzberg;2026-05-16;21:04;Samstag;21;Abend;26;13.0;0.0;2;62;9.2;1;0;0
prenzlauer_berg;2026-05-16;21:04;Samstag;21;Abend;31;13.0;0.0;2;62;9.2;1;0;0
boetzow;2026-05-16;21:04;Samstag;21;Abend;32;13.0;0.0;2;62;9.2;1;0;0
friedrichshain;2026-05-16;21:04;Samstag;21;Abend;32;13.0;0.0;2;62;9.2;1;0;0
womens_club;2026-05-16;21:04;Samstag;21;Abend;0;13.0;0.0;2;62;9.2;1;0;0
gesundbrunnen;2026-05-16;21:04;Samstag;21;Abend;43;13.0;0.0;2;62;9.2;1;0;0
charlottenburg;2026-05-16;22:11;Samstag;22;Abend;34;12.3;0.0;2;74;5.7;1;0;0
kreuzberg;2026-05-16;22:11;Samstag;22;Abend;25;12.3;0.0;2;74;5.7;1;0;0
prenzlauer_berg;2026-05-16;22:11;Samstag;22;Abend;30;12.3;0.0;2;74;5.7;1;0;0
boetzow;2026-05-16;22:11;Samstag;22;Abend;0;12.3;0.0;2;74;5.7;1;0;0
friedrichshain;2026-05-16;22:11;Samstag;22;Abend;0;12.3;0.0;2;74;5.7;1;0;0
womens_club;2026-05-16;22:11;Samstag;22;Abend;0;12.3;0.0;2;74;5.7;1;0;0
gesundbrunnen;2026-05-16;22:11;Samstag;22;Abend;35;12.3;0.0;2;74;5.7;1;0;0
charlottenburg;2026-05-16;23:12;Samstag;23;Nacht;0;11.5;0.0;3;92;5.9;1;0;0
kreuzberg;2026-05-16;23:12;Samstag;23;Nacht;0;11.5;0.0;3;92;5.9;1;0;0
prenzlauer_berg;2026-05-16;23:12;Samstag;23;Nacht;0;11.5;0.0;3;92;5.9;1;0;0
boetzow;2026-05-16;23:12;Samstag;23;Nacht;0;11.5;0.0;3;92;5.9;1;0;0
friedrichshain;2026-05-16;23:12;Samstag;23;Nacht;0;11.5;0.0;3;92;5.9;1;0;0
womens_club;2026-05-16;23:12;Samstag;23;Nacht;0;11.5;0.0;3;92;5.9;1;0;0
gesundbrunnen;2026-05-16;23:12;Samstag;23;Nacht;0;11.5;0.0;3;92;5.9;1;0;0
charlottenburg;2026-05-17;00:11;Sonntag;0;Nacht;0;11.7;0.0;2;52;6.3;1;0;0
kreuzberg;2026-05-17;00:11;Sonntag;0;Nacht;0;11.7;0.0;2;52;6.3;1;0;0
prenzlauer_berg;2026-05-17;00:11;Sonntag;0;Nacht;13;11.7;0.0;2;52;6.3;1;0;0
boetzow;2026-05-17;00:11;Sonntag;0;Nacht;0;11.7;0.0;2;52;6.3;1;0;0
friedrichshain;2026-05-17;00:11;Sonntag;0;Nacht;0;11.7;0.0;2;52;6.3;1;0;0
womens_club;2026-05-17;00:11;Sonntag;0;Nacht;0;11.7;0.0;2;52;6.3;1;0;0
gesundbrunnen;2026-05-17;00:11;Sonntag;0;Nacht;0;11.7;0.0;2;52;6.3;1;0;0
charlottenburg;2026-05-17;01:26;Sonntag;1;Nacht;0;9.9;0.0;0;0;5.0;1;0;0
kreuzberg;2026-05-17;01:26;Sonntag;1;Nacht;0;9.9;0.0;0;0;5.0;1;0;0
prenzlauer_berg;2026-05-17;01:26;Sonntag;1;Nacht;6;9.9;0.0;0;0;5.0;1;0;0
boetzow;2026-05-17;01:26;Sonntag;1;Nacht;0;9.9;0.0;0;0;5.0;1;0;0
friedrichshain;2026-05-17;01:26;Sonntag;1;Nacht;0;9.9;0.0;0;0;5.0;1;0;0
womens_club;2026-05-17;01:26;Sonntag;1;Nacht;0;9.9;0.0;0;0;5.0;1;0;0
gesundbrunnen;2026-05-17;01:26;Sonntag;1;Nacht;0;9.9;0.0;0;0;5.0;1;0;0
charlottenburg;2026-05-17;03:24;Sonntag;3;Nacht;0;8.5;0.0;0;5;1.8;1;0;0
kreuzberg;2026-05-17;03:24;Sonntag;3;Nacht;0;8.5;0.0;0;5;1.8;1;0;0
prenzlauer_berg;2026-05-17;03:24;Sonntag;3;Nacht;1;8.5;0.0;0;5;1.8;1;0;0
boetzow;2026-05-17;03:24;Sonntag;3;Nacht;0;8.5;0.0;0;5;1.8;1;0;0
friedrichshain;2026-05-17;03:24;Sonntag;3;Nacht;0;8.5;0.0;0;5;1.8;1;0;0
womens_club;2026-05-17;03:24;Sonntag;3;Nacht;0;8.5;0.0;0;5;1.8;1;0;0
gesundbrunnen;2026-05-17;03:24;Sonntag;3;Nacht;0;8.5;0.0;0;5;1.8;1;0;0
charlottenburg;2026-05-17;07:10;Sonntag;7;Morgen;4;6.8;0.0;0;0;4.1;1;0;0
kreuzberg;2026-05-17;07:10;Sonntag;7;Morgen;3;6.8;0.0;0;0;4.1;1;0;0
prenzlauer_berg;2026-05-17;07:10;Sonntag;7;Morgen;4;6.8;0.0;0;0;4.1;1;0;0
boetzow;2026-05-17;07:10;Sonntag;7;Morgen;0;6.8;0.0;0;0;4.1;1;0;0
friedrichshain;2026-05-17;07:10;Sonntag;7;Morgen;0;6.8;0.0;0;0;4.1;1;0;0
womens_club;2026-05-17;07:10;Sonntag;7;Morgen;0;6.8;0.0;0;0;4.1;1;0;0
gesundbrunnen;2026-05-17;07:10;Sonntag;7;Morgen;5;6.8;0.0;0;0;4.1;1;0;0
charlottenburg;2026-05-17;09:55;Sonntag;9;Morgen;36;12.5;0.0;0;0;6.5;1;0;0
kreuzberg;2026-05-17;09:55;Sonntag;9;Morgen;27;12.5;0.0;0;0;6.5;1;0;0
prenzlauer_berg;2026-05-17;09:55;Sonntag;9;Morgen;33;12.5;0.0;0;0;6.5;1;0;0
boetzow;2026-05-17;09:55;Sonntag;9;Morgen;42;12.5;0.0;0;0;6.5;1;0;0
friedrichshain;2026-05-17;09:55;Sonntag;9;Morgen;43;12.5;0.0;0;0;6.5;1;0;0
womens_club;2026-05-17;09:55;Sonntag;9;Morgen;36;12.5;0.0;0;0;6.5;1;0;0
gesundbrunnen;2026-05-17;09:55;Sonntag;9;Morgen;28;12.5;0.0;0;0;6.5;1;0;0
charlottenburg;2026-05-17;11:48;Sonntag;11;Morgen;43;15.7;0.0;2;74;7.4;1;0;0
kreuzberg;2026-05-17;11:48;Sonntag;11;Morgen;58;15.7;0.0;2;74;7.4;1;0;0
prenzlauer_berg;2026-05-17;11:48;Sonntag;11;Morgen;45;15.7;0.0;2;74;7.4;1;0;0
boetzow;2026-05-17;11:48;Sonntag;11;Morgen;57;15.7;0.0;2;74;7.4;1;0;0
friedrichshain;2026-05-17;11:48;Sonntag;11;Morgen;74;15.7;0.0;2;74;7.4;1;0;0
womens_club;2026-05-17;11:48;Sonntag;11;Morgen;48;15.7;0.0;2;74;7.4;1;0;0
gesundbrunnen;2026-05-17;11:48;Sonntag;11;Morgen;69;15.7;0.0;2;74;7.4;1;0;0
charlottenburg;2026-05-17;13:06;Sonntag;13;Mittag;58;17.1;0.0;2;83;7.2;1;0;0
kreuzberg;2026-05-17;13:06;Sonntag;13;Mittag;65;17.1;0.0;2;83;7.2;1;0;0
prenzlauer_berg;2026-05-17;13:06;Sonntag;13;Mittag;48;17.1;0.0;2;83;7.2;1;0;0
boetzow;2026-05-17;13:06;Sonntag;13;Mittag;51;17.1;0.0;2;83;7.2;1;0;0
friedrichshain;2026-05-17;13:06;Sonntag;13;Mittag;65;17.1;0.0;2;83;7.2;1;0;0
womens_club;2026-05-17;13:06;Sonntag;13;Mittag;46;17.1;0.0;2;83;7.2;1;0;0
gesundbrunnen;2026-05-17;13:06;Sonntag;13;Mittag;62;17.1;0.0;2;83;7.2;1;0;0
charlottenburg;2026-05-17;14:11;Sonntag;14;Mittag;48;17.5;0.0;2;18;7.2;1;0;0
kreuzberg;2026-05-17;14:11;Sonntag;14;Mittag;59;17.5;0.0;2;18;7.2;1;0;0
prenzlauer_berg;2026-05-17;14:11;Sonntag;14;Mittag;41;17.5;0.0;2;18;7.2;1;0;0
boetzow;2026-05-17;14:11;Sonntag;14;Mittag;49;17.5;0.0;2;18;7.2;1;0;0
friedrichshain;2026-05-17;14:11;Sonntag;14;Mittag;43;17.5;0.0;2;18;7.2;1;0;0
womens_club;2026-05-17;14:11;Sonntag;14;Mittag;56;17.5;0.0;2;18;7.2;1;0;0
gesundbrunnen;2026-05-17;14:11;Sonntag;14;Mittag;63;17.5;0.0;2;18;7.2;1;0;0
charlottenburg;2026-05-17;16:04;Sonntag;16;Mittag;40;18.2;0.0;3;100;6.1;1;0;0
kreuzberg;2026-05-17;16:04;Sonntag;16;Mittag;51;18.2;0.0;3;100;6.1;1;0;0
prenzlauer_berg;2026-05-17;16:04;Sonntag;16;Mittag;44;18.2;0.0;3;100;6.1;1;0;0
boetzow;2026-05-17;16:04;Sonntag;16;Mittag;50;18.2;0.0;3;100;6.1;1;0;0
friedrichshain;2026-05-17;16:04;Sonntag;16;Mittag;52;18.2;0.0;3;100;6.1;1;0;0
womens_club;2026-05-17;16:04;Sonntag;16;Mittag;68;18.2;0.0;3;100;6.1;1;0;0
gesundbrunnen;2026-05-17;16:04;Sonntag;16;Mittag;55;18.2;0.0;3;100;6.1;1;0;0
charlottenburg;2026-05-17;17:36;Sonntag;17;Abend;50;18.2;0.0;3;97;8.7;1;0;0
kreuzberg;2026-05-17;17:36;Sonntag;17;Abend;37;18.2;0.0;3;97;8.7;1;0;0
prenzlauer_berg;2026-05-17;17:36;Sonntag;17;Abend;43;18.2;0.0;3;97;8.7;1;0;0
boetzow;2026-05-17;17:36;Sonntag;17;Abend;69;18.2;0.0;3;97;8.7;1;0;0
friedrichshain;2026-05-17;17:36;Sonntag;17;Abend;65;18.2;0.0;3;97;8.7;1;0;0
womens_club;2026-05-17;17:36;Sonntag;17;Abend;64;18.2;0.0;3;97;8.7;1;0;0
gesundbrunnen;2026-05-17;17:36;Sonntag;17;Abend;47;18.2;0.0;3;97;8.7;1;0;0
charlottenburg;2026-05-17;18:57;Sonntag;18;Abend;50;17.8;0.0;3;94;9.2;1;0;0
kreuzberg;2026-05-17;18:57;Sonntag;18;Abend;33;17.8;0.0;3;94;9.2;1;0;0
prenzlauer_berg;2026-05-17;18:57;Sonntag;18;Abend;46;17.8;0.0;3;94;9.2;1;0;0
boetzow;2026-05-17;18:57;Sonntag;18;Abend;60;17.8;0.0;3;94;9.2;1;0;0
friedrichshain;2026-05-17;18:57;Sonntag;18;Abend;56;17.8;0.0;3;94;9.2;1;0;0
womens_club;2026-05-17;18:57;Sonntag;18;Abend;82;17.8;0.0;3;94;9.2;1;0;0
gesundbrunnen;2026-05-17;18:57;Sonntag;18;Abend;50;17.8;0.0;3;94;9.2;1;0;0
charlottenburg;2026-05-17;20:02;Sonntag;20;Abend;43;17.2;0.0;2;54;9.1;1;0;0
kreuzberg;2026-05-17;20:02;Sonntag;20;Abend;37;17.2;0.0;2;54;9.1;1;0;0
prenzlauer_berg;2026-05-17;20:02;Sonntag;20;Abend;0;17.2;0.0;2;54;9.1;1;0;0
boetzow;2026-05-17;20:02;Sonntag;20;Abend;0;17.2;0.0;2;54;9.1;1;0;0
friedrichshain;2026-05-17;20:02;Sonntag;20;Abend;47;17.2;0.0;2;54;9.1;1;0;0
womens_club;2026-05-17;20:02;Sonntag;20;Abend;0;17.2;0.0;2;54;9.1;1;0;0
gesundbrunnen;2026-05-17;20:02;Sonntag;20;Abend;56;17.2;0.0;2;54;9.1;1;0;0
charlottenburg;2026-05-17;21:44;Sonntag;21;Abend;36;15.9;0.0;3;95;7.4;1;0;0
kreuzberg;2026-05-17;21:44;Sonntag;21;Abend;34;15.9;0.0;3;95;7.4;1;0;0
prenzlauer_berg;2026-05-17;21:44;Sonntag;21;Abend;29;15.9;0.0;3;95;7.4;1;0;0
boetzow;2026-05-17;21:44;Sonntag;21;Abend;26;15.9;0.0;3;95;7.4;1;0;0
friedrichshain;2026-05-17;21:44;Sonntag;21;Abend;19;15.9;0.0;3;95;7.4;1;0;0
womens_club;2026-05-17;21:44;Sonntag;21;Abend;0;15.9;0.0;3;95;7.4;1;0;0
gesundbrunnen;2026-05-17;21:44;Sonntag;21;Abend;46;15.9;0.0;3;95;7.4;1;0;0
charlottenburg;2026-05-17;22:51;Sonntag;22;Abend;30;14.7;0.0;2;66;7.6;1;0;0
kreuzberg;2026-05-17;22:51;Sonntag;22;Abend;25;14.7;0.0;2;66;7.6;1;0;0
prenzlauer_berg;2026-05-17;22:51;Sonntag;22;Abend;21;14.7;0.0;2;66;7.6;1;0;0
boetzow;2026-05-17;22:51;Sonntag;22;Abend;0;14.7;0.0;2;66;7.6;1;0;0
friedrichshain;2026-05-17;22:51;Sonntag;22;Abend;0;14.7;0.0;2;66;7.6;1;0;0
womens_club;2026-05-17;22:52;Sonntag;22;Abend;0;14.7;0.0;2;66;7.6;1;0;0
gesundbrunnen;2026-05-17;22:52;Sonntag;22;Abend;34;14.7;0.0;2;66;7.6;1;0;0
charlottenburg;2026-05-17;23:55;Sonntag;23;Nacht;0;13.8;0.0;2;41;6.8;1;0;0
kreuzberg;2026-05-17;23:55;Sonntag;23;Nacht;0;13.8;0.0;2;41;6.8;1;0;0
prenzlauer_berg;2026-05-17;23:55;Sonntag;23;Nacht;0;13.8;0.0;2;41;6.8;1;0;0
boetzow;2026-05-17;23:55;Sonntag;23;Nacht;0;13.8;0.0;2;41;6.8;1;0;0
friedrichshain;2026-05-17;23:55;Sonntag;23;Nacht;0;13.8;0.0;2;41;6.8;1;0;0
womens_club;2026-05-17;23:55;Sonntag;23;Nacht;0;13.8;0.0;2;41;6.8;1;0;0
gesundbrunnen;2026-05-17;23:55;Sonntag;23;Nacht;0;13.8;0.0;2;41;6.8;1;0;0
charlottenburg;2026-05-18;00:53;Montag;0;Nacht;0;13.1;0.0;3;71;6.9;0;0;0
kreuzberg;2026-05-18;00:53;Montag;0;Nacht;0;13.1;0.0;3;71;6.9;0;0;0
prenzlauer_berg;2026-05-18;00:53;Montag;0;Nacht;8;13.1;0.0;3;71;6.9;0;0;0
boetzow;2026-05-18;00:53;Montag;0;Nacht;0;13.1;0.0;3;71;6.9;0;0;0
friedrichshain;2026-05-18;00:53;Montag;0;Nacht;0;13.1;0.0;3;71;6.9;0;0;0
womens_club;2026-05-18;00:53;Montag;0;Nacht;0;13.1;0.0;3;71;6.9;0;0;0
gesundbrunnen;2026-05-18;00:53;Montag;0;Nacht;0;13.1;0.0;3;71;6.9;0;0;0
charlottenburg;2026-05-18;01:57;Montag;1;Nacht;0;12.4;0.0;2;64;6.3;0;0;0
kreuzberg;2026-05-18;01:57;Montag;1;Nacht;0;12.4;0.0;2;64;6.3;0;0;0
prenzlauer_berg;2026-05-18;01:57;Montag;1;Nacht;4;12.4;0.0;2;64;6.3;0;0;0
boetzow;2026-05-18;01:57;Montag;1;Nacht;0;12.4;0.0;2;64;6.3;0;0;0
friedrichshain;2026-05-18;01:57;Montag;1;Nacht;0;12.4;0.0;2;64;6.3;0;0;0
womens_club;2026-05-18;01:57;Montag;1;Nacht;0;12.4;0.0;2;64;6.3;0;0;0
gesundbrunnen;2026-05-18;01:57;Montag;1;Nacht;0;12.4;0.0;2;64;6.3;0;0;0
charlottenburg;2026-05-18;06:12;Montag;6;Morgen;4;9.4;0.0;3;99;7.6;0;0;0
kreuzberg;2026-05-18;06:12;Montag;6;Morgen;4;9.4;0.0;3;99;7.6;0;0;0
prenzlauer_berg;2026-05-18;06:12;Montag;6;Morgen;10;9.4;0.0;3;99;7.6;0;0;0
boetzow;2026-05-18;06:12;Montag;6;Morgen;9;9.4;0.0;3;99;7.6;0;0;0
friedrichshain;2026-05-18;06:12;Montag;6;Morgen;12;9.4;0.0;3;99;7.6;0;0;0
womens_club;2026-05-18;06:12;Montag;6;Morgen;0;9.4;0.0;3;99;7.6;0;0;0
gesundbrunnen;2026-05-18;06:12;Montag;6;Morgen;5;9.4;0.0;3;99;7.6;0;0;0
charlottenburg;2026-05-18;10:30;Montag;10;Morgen;31;15.5;0.0;3;100;14.3;0;0;0
kreuzberg;2026-05-18;10:30;Montag;10;Morgen;40;15.5;0.0;3;100;14.3;0;0;0
prenzlauer_berg;2026-05-18;10:30;Montag;10;Morgen;36;15.5;0.0;3;100;14.3;0;0;0
boetzow;2026-05-18;10:30;Montag;10;Morgen;45;15.5;0.0;3;100;14.3;0;0;0
friedrichshain;2026-05-18;10:30;Montag;10;Morgen;44;15.5;0.0;3;100;14.3;0;0;0
womens_club;2026-05-18;10:30;Montag;10;Morgen;29;15.5;0.0;3;100;14.3;0;0;0
gesundbrunnen;2026-05-18;10:30;Montag;10;Morgen;43;15.5;0.0;3;100;14.3;0;0;0
charlottenburg;2026-05-18;14:31;Montag;14;Mittag;40;18.9;0.0;2;66;6.6;0;0;0
kreuzberg;2026-05-18;14:31;Montag;14;Mittag;48;18.9;0.0;2;66;6.6;0;0;0
prenzlauer_berg;2026-05-18;14:31;Montag;14;Mittag;48;18.9;0.0;2;66;6.6;0;0;0
boetzow;2026-05-18;14:31;Montag;14;Mittag;37;18.9;0.0;2;66;6.6;0;0;0
friedrichshain;2026-05-18;14:31;Montag;14;Mittag;47;18.9;0.0;2;66;6.6;0;0;0
womens_club;2026-05-18;14:31;Montag;14;Mittag;36;18.9;0.0;2;66;6.6;0;0;0
gesundbrunnen;2026-05-18;14:31;Montag;14;Mittag;59;18.9;0.0;2;66;6.6;0;0;0
charlottenburg;2026-05-18;18:24;Montag;18;Abend;74;19.1;0.0;1;51;10.1;0;0;0
kreuzberg;2026-05-18;18:24;Montag;18;Abend;60;19.1;0.0;1;51;10.1;0;0;0
prenzlauer_berg;2026-05-18;18:24;Montag;18;Abend;66;19.1;0.0;1;51;10.1;0;0;0
boetzow;2026-05-18;18:24;Montag;18;Abend;70;19.1;0.0;1;51;10.1;0;0;0
friedrichshain;2026-05-18;18:24;Montag;18;Abend;86;19.1;0.0;1;51;10.1;0;0;0
womens_club;2026-05-18;18:24;Montag;18;Abend;62;19.1;0.0;1;51;10.1;0;0;0
gesundbrunnen;2026-05-18;18:24;Montag;18;Abend;100;19.1;0.0;1;51;10.1;0;0;0
charlottenburg;2026-05-18;20:18;Montag;20;Abend;64;17.8;0.0;0;35;12.5;0;0;0
kreuzberg;2026-05-18;20:18;Montag;20;Abend;84;17.8;0.0;0;35;12.5;0;0;0
prenzlauer_berg;2026-05-18;20:18;Montag;20;Abend;56;17.8;0.0;0;35;12.5;0;0;0
boetzow;2026-05-18;20:18;Montag;20;Abend;71;17.8;0.0;0;35;12.5;0;0;0
friedrichshain;2026-05-18;20:18;Montag;20;Abend;79;17.8;0.0;0;35;12.5;0;0;0
womens_club;2026-05-18;20:18;Montag;20;Abend;58;17.8;0.0;0;35;12.5;0;0;0
gesundbrunnen;2026-05-18;20:18;Montag;20;Abend;91;17.8;0.0;0;35;12.5;0;0;0
charlottenburg;2026-05-18;22:12;Montag;22;Abend;59;15.7;0.0;0;0;8.6;0;0;0
kreuzberg;2026-05-18;22:12;Montag;22;Abend;57;15.7;0.0;0;0;8.6;0;0;0
prenzlauer_berg;2026-05-18;22:12;Montag;22;Abend;41;15.7;0.0;0;0;8.6;0;0;0
boetzow;2026-05-18;22:12;Montag;22;Abend;40;15.7;0.0;0;0;8.6;0;0;0
friedrichshain;2026-05-18;22:12;Montag;22;Abend;38;15.7;0.0;0;0;8.6;0;0;0
womens_club;2026-05-18;22:12;Montag;22;Abend;43;15.7;0.0;0;0;8.6;0;0;0
gesundbrunnen;2026-05-18;22:12;Montag;22;Abend;65;15.7;0.0;0;0;8.6;0;0;0
charlottenburg;2026-05-18;23:46;Montag;23;Nacht;0;12.8;0.0;0;0;10.7;0;0;0
kreuzberg;2026-05-18;23:46;Montag;23;Nacht;0;12.8;0.0;0;0;10.7;0;0;0
prenzlauer_berg;2026-05-18;23:46;Montag;23;Nacht;0;12.8;0.0;0;0;10.7;0;0;0
boetzow;2026-05-18;23:46;Montag;23;Nacht;0;12.8;0.0;0;0;10.7;0;0;0
friedrichshain;2026-05-18;23:46;Montag;23;Nacht;0;12.8;0.0;0;0;10.7;0;0;0
womens_club;2026-05-18;23:46;Montag;23;Nacht;0;12.8;0.0;0;0;10.7;0;0;0
gesundbrunnen;2026-05-18;23:46;Montag;23;Nacht;0;12.8;0.0;0;0;10.7;0;0;0
charlottenburg;2026-05-19;01:01;Dienstag;1;Nacht;0;11.9;0.0;0;0;8.9;0;0;0
kreuzberg;2026-05-19;01:01;Dienstag;1;Nacht;0;11.9;0.0;0;0;8.9;0;0;0
prenzlauer_berg;2026-05-19;01:01;Dienstag;1;Nacht;10;11.9;0.0;0;0;8.9;0;0;0
boetzow;2026-05-19;01:01;Dienstag;1;Nacht;0;11.9;0.0;0;0;8.9;0;0;0
friedrichshain;2026-05-19;01:01;Dienstag;1;Nacht;0;11.9;0.0;0;0;8.9;0;0;0
womens_club;2026-05-19;01:01;Dienstag;1;Nacht;0;11.9;0.0;0;0;8.9;0;0;0
gesundbrunnen;2026-05-19;01:01;Dienstag;1;Nacht;0;11.9;0.0;0;0;8.9;0;0;0
charlottenburg;2026-05-19;03:28;Dienstag;3;Nacht;0;10.4;0.0;3;53;5.6;0;0;0
kreuzberg;2026-05-19;03:28;Dienstag;3;Nacht;0;10.4;0.0;3;53;5.6;0;0;0
prenzlauer_berg;2026-05-19;03:28;Dienstag;3;Nacht;2;10.4;0.0;3;53;5.6;0;0;0
boetzow;2026-05-19;03:28;Dienstag;3;Nacht;0;10.4;0.0;3;53;5.6;0;0;0
friedrichshain;2026-05-19;03:28;Dienstag;3;Nacht;0;10.4;0.0;3;53;5.6;0;0;0
womens_club;2026-05-19;03:28;Dienstag;3;Nacht;0;10.4;0.0;3;53;5.6;0;0;0
gesundbrunnen;2026-05-19;03:28;Dienstag;3;Nacht;0;10.4;0.0;3;53;5.6;0;0;0
charlottenburg;2026-05-19;07:44;Dienstag;7;Morgen;27;11.0;0.0;2;75;1.8;0;0;0
kreuzberg;2026-05-19;07:44;Dienstag;7;Morgen;21;11.0;0.0;2;75;1.8;0;0;0
prenzlauer_berg;2026-05-19;07:44;Dienstag;7;Morgen;35;11.0;0.0;2;75;1.8;0;0;0
boetzow;2026-05-19;07:44;Dienstag;7;Morgen;44;11.0;0.0;2;75;1.8;0;0;0
friedrichshain;2026-05-19;07:44;Dienstag;7;Morgen;40;11.0;0.0;2;75;1.8;0;0;0
womens_club;2026-05-19;07:44;Dienstag;7;Morgen;16;11.0;0.0;2;75;1.8;0;0;0
gesundbrunnen;2026-05-19;07:44;Dienstag;7;Morgen;24;11.0;0.0;2;75;1.8;0;0;0
charlottenburg;2026-05-19;11:42;Dienstag;11;Morgen;35;16.1;0.0;3;95;8.3;0;0;0
kreuzberg;2026-05-19;11:42;Dienstag;11;Morgen;31;16.1;0.0;3;95;8.3;0;0;0
prenzlauer_berg;2026-05-19;11:42;Dienstag;11;Morgen;40;16.1;0.0;3;95;8.3;0;0;0
boetzow;2026-05-19;11:42;Dienstag;11;Morgen;40;16.1;0.0;3;95;8.3;0;0;0
friedrichshain;2026-05-19;11:43;Dienstag;11;Morgen;46;16.1;0.0;3;95;8.3;0;0;0
womens_club;2026-05-19;11:43;Dienstag;11;Morgen;45;16.1;0.0;3;95;8.3;0;0;0
gesundbrunnen;2026-05-19;11:43;Dienstag;11;Morgen;50;16.1;0.0;3;95;8.3;0;0;0
charlottenburg;2026-05-19;14:38;Dienstag;14;Mittag;46;19.2;0.0;2;90;7.3;0;0;0
kreuzberg;2026-05-19;14:38;Dienstag;14;Mittag;51;19.2;0.0;2;90;7.3;0;0;0
prenzlauer_berg;2026-05-19;14:38;Dienstag;14;Mittag;45;19.2;0.0;2;90;7.3;0;0;0
boetzow;2026-05-19;14:38;Dienstag;14;Mittag;33;19.2;0.0;2;90;7.3;0;0;0
friedrichshain;2026-05-19;14:38;Dienstag;14;Mittag;39;19.2;0.0;2;90;7.3;0;0;0
womens_club;2026-05-19;14:38;Dienstag;14;Mittag;51;19.2;0.0;2;90;7.3;0;0;0
gesundbrunnen;2026-05-19;14:38;Dienstag;14;Mittag;48;19.2;0.0;2;90;7.3;0;0;0
charlottenburg;2026-05-19;18:20;Dienstag;18;Abend;77;20.0;0.0;1;26;8.7;0;0;0
kreuzberg;2026-05-19;18:20;Dienstag;18;Abend;62;20.0;0.0;1;26;8.7;0;0;0
prenzlauer_berg;2026-05-19;18:20;Dienstag;18;Abend;67;20.0;0.0;1;26;8.7;0;0;0
boetzow;2026-05-19;18:20;Dienstag;18;Abend;73;20.0;0.0;1;26;8.7;0;0;0
friedrichshain;2026-05-19;18:20;Dienstag;18;Abend;86;20.0;0.0;1;26;8.7;0;0;0
womens_club;2026-05-19;18:20;Dienstag;18;Abend;77;20.0;0.0;1;26;8.7;0;0;0
gesundbrunnen;2026-05-19;18:20;Dienstag;18;Abend;88;20.0;0.0;1;26;8.7;0;0;0
charlottenburg;2026-05-19;20:21;Dienstag;20;Abend;71;19.4;0.0;3;86;7.6;0;0;0
kreuzberg;2026-05-19;20:21;Dienstag;20;Abend;82;19.4;0.0;3;86;7.6;0;0;0
prenzlauer_berg;2026-05-19;20:21;Dienstag;20;Abend;66;19.4;0.0;3;86;7.6;0;0;0
boetzow;2026-05-19;20:21;Dienstag;20;Abend;68;19.4;0.0;3;86;7.6;0;0;0
friedrichshain;2026-05-19;20:21;Dienstag;20;Abend;76;19.4;0.0;3;86;7.6;0;0;0
womens_club;2026-05-19;20:21;Dienstag;20;Abend;89;19.4;0.0;3;86;7.6;0;0;0
gesundbrunnen;2026-05-19;20:21;Dienstag;20;Abend;92;19.4;0.0;3;86;7.6;0;0;0
charlottenburg;2026-05-19;22:13;Dienstag;22;Abend;57;17.9;0.0;3;100;4.4;0;0;0
kreuzberg;2026-05-19;22:13;Dienstag;22;Abend;54;17.9;0.0;3;100;4.4;0;0;0
prenzlauer_berg;2026-05-19;22:13;Dienstag;22;Abend;48;17.9;0.0;3;100;4.4;0;0;0
boetzow;2026-05-19;22:13;Dienstag;22;Abend;35;17.9;0.0;3;100;4.4;0;0;0
friedrichshain;2026-05-19;22:13;Dienstag;22;Abend;34;17.9;0.0;3;100;4.4;0;0;0
womens_club;2026-05-19;22:13;Dienstag;22;Abend;80;17.9;0.0;3;100;4.4;0;0;0
gesundbrunnen;2026-05-19;22:13;Dienstag;22;Abend;62;17.9;0.0;3;100;4.4;0;0;0
charlottenburg;2026-05-19;23:54;Dienstag;23;Nacht;0;16.5;0.0;3;100;1.5;0;0;0
kreuzberg;2026-05-19;23:54;Dienstag;23;Nacht;0;16.5;0.0;3;100;1.5;0;0;0
prenzlauer_berg;2026-05-19;23:54;Dienstag;23;Nacht;0;16.5;0.0;3;100;1.5;0;0;0
boetzow;2026-05-19;23:54;Dienstag;23;Nacht;0;16.5;0.0;3;100;1.5;0;0;0
friedrichshain;2026-05-19;23:54;Dienstag;23;Nacht;0;16.5;0.0;3;100;1.5;0;0;0
womens_club;2026-05-19;23:54;Dienstag;23;Nacht;0;16.5;0.0;3;100;1.5;0;0;0
gesundbrunnen;2026-05-19;23:54;Dienstag;23;Nacht;0;16.5;0.0;3;100;1.5;0;0;0
charlottenburg;2026-05-20;01:01;Mittwoch;1;Nacht;0;15.8;0.0;3;97;5.7;0;0;0
kreuzberg;2026-05-20;01:01;Mittwoch;1;Nacht;0;15.8;0.0;3;97;5.7;0;0;0
prenzlauer_berg;2026-05-20;01:01;Mittwoch;1;Nacht;9;15.8;0.0;3;97;5.7;0;0;0
boetzow;2026-05-20;01:01;Mittwoch;1;Nacht;0;15.8;0.0;3;97;5.7;0;0;0
friedrichshain;2026-05-20;01:01;Mittwoch;1;Nacht;0;15.8;0.0;3;97;5.7;0;0;0
womens_club;2026-05-20;01:01;Mittwoch;1;Nacht;0;15.8;0.0;3;97;5.7;0;0;0
gesundbrunnen;2026-05-20;01:01;Mittwoch;1;Nacht;0;15.8;0.0;3;97;5.7;0;0;0
charlottenburg;2026-05-20;03:30;Mittwoch;3;Nacht;0;14.4;0.0;80;99;5.3;0;0;0
kreuzberg;2026-05-20;03:30;Mittwoch;3;Nacht;0;14.4;0.0;80;99;5.3;0;0;0
prenzlauer_berg;2026-05-20;03:30;Mittwoch;3;Nacht;1;14.4;0.0;80;99;5.3;0;0;0
boetzow;2026-05-20;03:30;Mittwoch;3;Nacht;0;14.4;0.0;80;99;5.3;0;0;0
friedrichshain;2026-05-20;03:30;Mittwoch;3;Nacht;0;14.4;0.0;80;99;5.3;0;0;0
womens_club;2026-05-20;03:30;Mittwoch;3;Nacht;0;14.4;0.0;80;99;5.3;0;0;0
gesundbrunnen;2026-05-20;03:30;Mittwoch;3;Nacht;0;14.4;0.0;80;99;5.3;0;0;0
charlottenburg;2026-05-20;08:07;Mittwoch;8;Morgen;27;14.7;0.0;3;100;5.8;0;0;0
kreuzberg;2026-05-20;08:07;Mittwoch;8;Morgen;24;14.7;0.0;3;100;5.8;0;0;0
prenzlauer_berg;2026-05-20;08:07;Mittwoch;8;Morgen;35;14.7;0.0;3;100;5.8;0;0;0
boetzow;2026-05-20;08:07;Mittwoch;8;Morgen;43;14.7;0.0;3;100;5.8;0;0;0
friedrichshain;2026-05-20;08:07;Mittwoch;8;Morgen;50;14.7;0.0;3;100;5.8;0;0;0
womens_club;2026-05-20;08:07;Mittwoch;8;Morgen;17;14.7;0.0;3;100;5.8;0;0;0
gesundbrunnen;2026-05-20;08:07;Mittwoch;8;Morgen;31;14.7;0.0;3;100;5.8;0;0;0
charlottenburg;2026-05-20;11:59;Mittwoch;11;Morgen;38;18.2;0.0;3;100;11.2;0;0;0
kreuzberg;2026-05-20;11:59;Mittwoch;11;Morgen;34;18.2;0.0;3;100;11.2;0;0;0
prenzlauer_berg;2026-05-20;11:59;Mittwoch;11;Morgen;41;18.2;0.0;3;100;11.2;0;0;0
boetzow;2026-05-20;11:59;Mittwoch;11;Morgen;41;18.2;0.0;3;100;11.2;0;0;0
friedrichshain;2026-05-20;11:59;Mittwoch;11;Morgen;49;18.2;0.0;3;100;11.2;0;0;0
womens_club;2026-05-20;11:59;Mittwoch;11;Morgen;32;18.2;0.0;3;100;11.2;0;0;0
gesundbrunnen;2026-05-20;11:59;Mittwoch;11;Morgen;51;18.2;0.0;3;100;11.2;0;0;0
charlottenburg;2026-05-20;14:33;Mittwoch;14;Mittag;37;20.1;0.0;3;73;12.6;0;0;0
kreuzberg;2026-05-20;14:33;Mittwoch;14;Mittag;45;20.1;0.0;3;73;12.6;0;0;0
prenzlauer_berg;2026-05-20;14:33;Mittwoch;14;Mittag;33;20.1;0.0;3;73;12.6;0;0;0
boetzow;2026-05-20;14:33;Mittwoch;14;Mittag;33;20.1;0.0;3;73;12.6;0;0;0
friedrichshain;2026-05-20;14:33;Mittwoch;14;Mittag;41;20.1;0.0;3;73;12.6;0;0;0
womens_club;2026-05-20;14:33;Mittwoch;14;Mittag;40;20.1;0.0;3;73;12.6;0;0;0
gesundbrunnen;2026-05-20;14:33;Mittwoch;14;Mittag;50;20.1;0.0;3;73;12.6;0;0;0
charlottenburg;2026-05-20;18:26;Mittwoch;18;Abend;66;16.4;0.0;61;100;12.7;0;0;0
kreuzberg;2026-05-20;18:26;Mittwoch;18;Abend;62;16.4;0.0;61;100;12.7;0;0;0
prenzlauer_berg;2026-05-20;18:26;Mittwoch;18;Abend;56;16.4;0.0;61;100;12.7;0;0;0
boetzow;2026-05-20;18:26;Mittwoch;18;Abend;56;16.4;0.0;61;100;12.7;0;0;0
friedrichshain;2026-05-20;18:26;Mittwoch;18;Abend;79;16.4;0.0;61;100;12.7;0;0;0
womens_club;2026-05-20;18:26;Mittwoch;18;Abend;79;16.4;0.0;61;100;12.7;0;0;0
gesundbrunnen;2026-05-20;18:26;Mittwoch;18;Abend;83;16.4;0.0;61;100;12.7;0;0;0
charlottenburg;2026-05-20;20:40;Mittwoch;20;Abend;64;15.8;0.0;80;62;6.4;0;0;0
kreuzberg;2026-05-20;20:40;Mittwoch;20;Abend;69;15.8;0.0;80;62;6.4;0;0;0
prenzlauer_berg;2026-05-20;20:40;Mittwoch;20;Abend;59;15.8;0.0;80;62;6.4;0;0;0
boetzow;2026-05-20;20:40;Mittwoch;20;Abend;57;15.8;0.0;80;62;6.4;0;0;0
friedrichshain;2026-05-20;20:40;Mittwoch;20;Abend;63;15.8;0.0;80;62;6.4;0;0;0
womens_club;2026-05-20;20:40;Mittwoch;20;Abend;82;15.8;0.0;80;62;6.4;0;0;0
gesundbrunnen;2026-05-20;20:40;Mittwoch;20;Abend;77;15.8;0.0;80;62;6.4;0;0;0
charlottenburg;2026-05-20;22:59;Mittwoch;22;Abend;36;13.9;0.0;80;89;8.6;0;0;0
kreuzberg;2026-05-20;22:59;Mittwoch;22;Abend;42;13.9;0.0;80;89;8.6;0;0;0
prenzlauer_berg;2026-05-20;22:59;Mittwoch;22;Abend;32;13.9;0.0;80;89;8.6;0;0;0
boetzow;2026-05-20;22:59;Mittwoch;22;Abend;21;13.9;0.0;80;89;8.6;0;0;0
friedrichshain;2026-05-20;22:59;Mittwoch;22;Abend;9;13.9;0.0;80;89;8.6;0;0;0
womens_club;2026-05-20;22:59;Mittwoch;22;Abend;74;13.9;0.0;80;89;8.6;0;0;0
gesundbrunnen;2026-05-20;22:59;Mittwoch;22;Abend;49;13.9;0.0;80;89;8.6;0;0;0
charlottenburg;2026-05-21;00:39;Donnerstag;0;Nacht;0;14.4;0.0;80;91;7.2;0;0;0
kreuzberg;2026-05-21;00:39;Donnerstag;0;Nacht;0;14.4;0.0;80;91;7.2;0;0;0
prenzlauer_berg;2026-05-21;00:39;Donnerstag;0;Nacht;10;14.4;0.0;80;91;7.2;0;0;0
boetzow;2026-05-21;00:39;Donnerstag;0;Nacht;0;14.4;0.0;80;91;7.2;0;0;0
friedrichshain;2026-05-21;00:39;Donnerstag;0;Nacht;0;14.4;0.0;80;91;7.2;0;0;0
womens_club;2026-05-21;00:39;Donnerstag;0;Nacht;0;14.4;0.0;80;91;7.2;0;0;0
gesundbrunnen;2026-05-21;00:39;Donnerstag;0;Nacht;0;14.4;0.0;80;91;7.2;0;0;0
charlottenburg;2026-05-21;02:07;Donnerstag;2;Nacht;0;13.7;0.0;2;60;7.9;0;0;0
kreuzberg;2026-05-21;02:07;Donnerstag;2;Nacht;0;13.7;0.0;2;60;7.9;0;0;0
prenzlauer_berg;2026-05-21;02:07;Donnerstag;2;Nacht;4;13.7;0.0;2;60;7.9;0;0;0
boetzow;2026-05-21;02:07;Donnerstag;2;Nacht;0;13.7;0.0;2;60;7.9;0;0;0
friedrichshain;2026-05-21;02:07;Donnerstag;2;Nacht;0;13.7;0.0;2;60;7.9;0;0;0
womens_club;2026-05-21;02:07;Donnerstag;2;Nacht;0;13.7;0.0;2;60;7.9;0;0;0
gesundbrunnen;2026-05-21;02:07;Donnerstag;2;Nacht;0;13.7;0.0;2;60;7.9;0;0;0
charlottenburg;2026-05-21;06:52;Donnerstag;6;Morgen;14;11.9;0.0;2;64;4.6;0;0;0
kreuzberg;2026-05-21;06:52;Donnerstag;6;Morgen;10;11.9;0.0;2;64;4.6;0;0;0
prenzlauer_berg;2026-05-21;06:52;Donnerstag;6;Morgen;12;11.9;0.0;2;64;4.6;0;0;0
boetzow;2026-05-21;06:52;Donnerstag;6;Morgen;23;11.9;0.0;2;64;4.6;0;0;0
friedrichshain;2026-05-21;06:52;Donnerstag;6;Morgen;33;11.9;0.0;2;64;4.6;0;0;0
womens_club;2026-05-21;06:52;Donnerstag;6;Morgen;6;11.9;0.0;2;64;4.6;0;0;0
gesundbrunnen;2026-05-21;06:52;Donnerstag;6;Morgen;11;11.9;0.0;2;64;4.6;0;0;0
charlottenburg;2026-05-21;10:32;Donnerstag;10;Morgen;26;17.5;0.0;3;84;9.2;0;0;0
kreuzberg;2026-05-21;10:32;Donnerstag;10;Morgen;41;17.5;0.0;3;84;9.2;0;0;0
prenzlauer_berg;2026-05-21;10:32;Donnerstag;10;Morgen;40;17.5;0.0;3;84;9.2;0;0;0
boetzow;2026-05-21;10:32;Donnerstag;10;Morgen;39;17.5;0.0;3;84;9.2;0;0;0
friedrichshain;2026-05-21;10:32;Donnerstag;10;Morgen;39;17.5;0.0;3;84;9.2;0;0;0
womens_club;2026-05-21;10:32;Donnerstag;10;Morgen;33;17.5;0.0;3;84;9.2;0;0;0
gesundbrunnen;2026-05-21;10:32;Donnerstag;10;Morgen;46;17.5;0.0;3;84;9.2;0;0;0
charlottenburg;2026-05-21;14:14;Donnerstag;14;Mittag;42;20.1;0.0;2;70;8.1;0;0;0
kreuzberg;2026-05-21;14:14;Donnerstag;14;Mittag;47;20.1;0.0;2;70;8.1;0;0;0
prenzlauer_berg;2026-05-21;14:14;Donnerstag;14;Mittag;45;20.1;0.0;2;70;8.1;0;0;0
boetzow;2026-05-21;14:14;Donnerstag;14;Mittag;33;20.1;0.0;2;70;8.1;0;0;0
friedrichshain;2026-05-21;14:14;Donnerstag;14;Mittag;47;20.1;0.0;2;70;8.1;0;0;0
womens_club;2026-05-21;14:14;Donnerstag;14;Mittag;41;20.1;0.0;2;70;8.1;0;0;0
gesundbrunnen;2026-05-21;14:14;Donnerstag;14;Mittag;57;20.1;0.0;2;70;8.1;0;0;0
charlottenburg;2026-05-21;17:56;Donnerstag;17;Abend;67;20.1;0.0;3;100;11.5;0;0;0
kreuzberg;2026-05-21;17:56;Donnerstag;17;Abend;59;20.1;0.0;3;100;11.5;0;0;0
prenzlauer_berg;2026-05-21;17:56;Donnerstag;17;Abend;60;20.1;0.0;3;100;11.5;0;0;0
boetzow;2026-05-21;17:56;Donnerstag;17;Abend;59;20.1;0.0;3;100;11.5;0;0;0
friedrichshain;2026-05-21;17:56;Donnerstag;17;Abend;74;20.1;0.0;3;100;11.5;0;0;0
womens_club;2026-05-21;17:56;Donnerstag;17;Abend;68;20.1;0.0;3;100;11.5;0;0;0
gesundbrunnen;2026-05-21;17:56;Donnerstag;17;Abend;76;20.1;0.0;3;100;11.5;0;0;0
charlottenburg;2026-05-21;20:05;Donnerstag;20;Abend;52;19.1;0.0;2;52;10.9;0;0;0
kreuzberg;2026-05-21;20:05;Donnerstag;20;Abend;76;19.1;0.0;2;52;10.9;0;0;0
prenzlauer_berg;2026-05-21;20:05;Donnerstag;20;Abend;53;19.1;0.0;2;52;10.9;0;0;0
boetzow;2026-05-21;20:05;Donnerstag;20;Abend;59;19.1;0.0;2;52;10.9;0;0;0
friedrichshain;2026-05-21;20:05;Donnerstag;20;Abend;77;19.1;0.0;2;52;10.9;0;0;0
womens_club;2026-05-21;20:05;Donnerstag;20;Abend;74;19.1;0.0;2;52;10.9;0;0;0
gesundbrunnen;2026-05-21;20:05;Donnerstag;20;Abend;82;19.1;0.0;2;52;10.9;0;0;0
charlottenburg;2026-05-21;22:19;Donnerstag;22;Abend;49;17.5;0.0;1;25;6.3;0;0;0
kreuzberg;2026-05-21;22:19;Donnerstag;22;Abend;51;17.5;0.0;1;25;6.3;0;0;0
prenzlauer_berg;2026-05-21;22:19;Donnerstag;22;Abend;34;17.5;0.0;1;25;6.3;0;0;0
boetzow;2026-05-21;22:19;Donnerstag;22;Abend;31;17.5;0.0;1;25;6.3;0;0;0
friedrichshain;2026-05-21;22:19;Donnerstag;22;Abend;31;17.5;0.0;1;25;6.3;0;0;0
womens_club;2026-05-21;22:19;Donnerstag;22;Abend;32;17.5;0.0;1;25;6.3;0;0;0
gesundbrunnen;2026-05-21;22:19;Donnerstag;22;Abend;52;17.5;0.0;1;25;6.3;0;0;0
charlottenburg;2026-05-21;23:56;Donnerstag;23;Nacht;0;16.1;0.0;1;39;4.1;0;0;0
kreuzberg;2026-05-21;23:56;Donnerstag;23;Nacht;0;16.1;0.0;1;39;4.1;0;0;0
prenzlauer_berg;2026-05-21;23:56;Donnerstag;23;Nacht;0;16.1;0.0;1;39;4.1;0;0;0
boetzow;2026-05-21;23:56;Donnerstag;23;Nacht;0;16.1;0.0;1;39;4.1;0;0;0
friedrichshain;2026-05-21;23:56;Donnerstag;23;Nacht;0;16.1;0.0;1;39;4.1;0;0;0
womens_club;2026-05-21;23:56;Donnerstag;23;Nacht;0;16.1;0.0;1;39;4.1;0;0;0
gesundbrunnen;2026-05-21;23:56;Donnerstag;23;Nacht;0;16.1;0.0;1;39;4.1;0;0;0
charlottenburg;2026-05-22;01:06;Freitag;1;Nacht;0;15.4;0.0;2;56;2.3;0;0;0
kreuzberg;2026-05-22;01:06;Freitag;1;Nacht;0;15.4;0.0;2;56;2.3;0;0;0
prenzlauer_berg;2026-05-22;01:06;Freitag;1;Nacht;7;15.4;0.0;2;56;2.3;0;0;0
boetzow;2026-05-22;01:06;Freitag;1;Nacht;0;15.4;0.0;2;56;2.3;0;0;0
friedrichshain;2026-05-22;01:06;Freitag;1;Nacht;0;15.4;0.0;2;56;2.3;0;0;0
womens_club;2026-05-22;01:06;Freitag;1;Nacht;0;15.4;0.0;2;56;2.3;0;0;0
gesundbrunnen;2026-05-22;01:06;Freitag;1;Nacht;0;15.4;0.0;2;56;2.3;0;0;0
charlottenburg;2026-05-22;03:29;Freitag;3;Nacht;0;14.9;0.0;3;77;2.4;0;0;0
kreuzberg;2026-05-22;03:29;Freitag;3;Nacht;0;14.9;0.0;3;77;2.4;0;0;0
prenzlauer_berg;2026-05-22;03:29;Freitag;3;Nacht;1;14.9;0.0;3;77;2.4;0;0;0
boetzow;2026-05-22;03:29;Freitag;3;Nacht;0;14.9;0.0;3;77;2.4;0;0;0
friedrichshain;2026-05-22;03:29;Freitag;3;Nacht;0;14.9;0.0;3;77;2.4;0;0;0
womens_club;2026-05-22;03:29;Freitag;3;Nacht;0;14.9;0.0;3;77;2.4;0;0;0
gesundbrunnen;2026-05-22;03:29;Freitag;3;Nacht;0;14.9;0.0;3;77;2.4;0;0;0
charlottenburg;2026-05-22;07:44;Freitag;7;Morgen;27;14.0;0.0;3;100;2.5;0;0;0
kreuzberg;2026-05-22;07:44;Freitag;7;Morgen;17;14.0;0.0;3;100;2.5;0;0;0
prenzlauer_berg;2026-05-22;07:44;Freitag;7;Morgen;23;14.0;0.0;3;100;2.5;0;0;0
boetzow;2026-05-22;07:44;Freitag;7;Morgen;32;14.0;0.0;3;100;2.5;0;0;0
friedrichshain;2026-05-22;07:44;Freitag;7;Morgen;39;14.0;0.0;3;100;2.5;0;0;0
womens_club;2026-05-22;07:44;Freitag;7;Morgen;18;14.0;0.0;3;100;2.5;0;0;0
gesundbrunnen;2026-05-22;07:44;Freitag;7;Morgen;23;14.0;0.0;3;100;2.5;0;0;0
charlottenburg;2026-05-22;11:23;Freitag;11;Morgen;46;20.5;0.0;3;100;7.9;0;0;0
kreuzberg;2026-05-22;11:23;Freitag;11;Morgen;37;20.5;0.0;3;100;7.9;0;0;0
prenzlauer_berg;2026-05-22;11:23;Freitag;11;Morgen;43;20.5;0.0;3;100;7.9;0;0;0
boetzow;2026-05-22;11:23;Freitag;11;Morgen;46;20.5;0.0;3;100;7.9;0;0;0
friedrichshain;2026-05-22;11:23;Freitag;11;Morgen;49;20.5;0.0;3;100;7.9;0;0;0
womens_club;2026-05-22;11:23;Freitag;11;Morgen;37;20.5;0.0;3;100;7.9;0;0;0
gesundbrunnen;2026-05-22;11:23;Freitag;11;Morgen;59;20.5;0.0;3;100;7.9;0;0;0
charlottenburg;2026-05-22;14:04;Freitag;14;Mittag;42;22.8;0.0;3;100;7.1;0;0;0
kreuzberg;2026-05-22;14:04;Freitag;14;Mittag;55;22.8;0.0;3;100;7.1;0;0;0
prenzlauer_berg;2026-05-22;14:04;Freitag;14;Mittag;40;22.8;0.0;3;100;7.1;0;0;0
boetzow;2026-05-22;14:04;Freitag;14;Mittag;43;22.8;0.0;3;100;7.1;0;0;0
friedrichshain;2026-05-22;14:04;Freitag;14;Mittag;61;22.8;0.0;3;100;7.1;0;0;0
womens_club;2026-05-22;14:04;Freitag;14;Mittag;46;22.8;0.0;3;100;7.1;0;0;0
gesundbrunnen;2026-05-22;14:04;Freitag;14;Mittag;63;22.8;0.0;3;100;7.1;0;0;0
charlottenburg;2026-05-22;17:32;Freitag;17;Abend;45;23.6;0.0;2;86;8.8;0;0;0
kreuzberg;2026-05-22;17:32;Freitag;17;Abend;55;23.6;0.0;2;86;8.8;0;0;0
prenzlauer_berg;2026-05-22;17:32;Freitag;17;Abend;42;23.6;0.0;2;86;8.8;0;0;0
boetzow;2026-05-22;17:32;Freitag;17;Abend;58;23.6;0.0;2;86;8.8;0;0;0
friedrichshain;2026-05-22;17:32;Freitag;17;Abend;69;23.6;0.0;2;86;8.8;0;0;0
womens_club;2026-05-22;17:32;Freitag;17;Abend;68;23.6;0.0;2;86;8.8;0;0;0
gesundbrunnen;2026-05-22;17:32;Freitag;17;Abend;64;23.6;0.0;2;86;8.8;0;0;0
charlottenburg;2026-05-22;19:50;Freitag;19;Abend;54;22.8;0.0;2;65;6.4;0;0;0
kreuzberg;2026-05-22;19:50;Freitag;19;Abend;51;22.8;0.0;2;65;6.4;0;0;0
prenzlauer_berg;2026-05-22;19:50;Freitag;19;Abend;38;22.8;0.0;2;65;6.4;0;0;0
boetzow;2026-05-22;19:51;Freitag;19;Abend;54;22.8;0.0;2;65;6.4;0;0;0
friedrichshain;2026-05-22;19:51;Freitag;19;Abend;81;22.8;0.0;2;65;6.4;0;0;0
womens_club;2026-05-22;19:51;Freitag;19;Abend;68;22.8;0.0;2;65;6.4;0;0;0
gesundbrunnen;2026-05-22;19:51;Freitag;19;Abend;60;22.8;0.0;2;65;6.4;0;0;0
charlottenburg;2026-05-22;21:44;Freitag;21;Abend;42;20.8;0.0;1;34;7.9;0;0;0
kreuzberg;2026-05-22;21:44;Freitag;21;Abend;40;20.8;0.0;1;34;7.9;0;0;0
prenzlauer_berg;2026-05-22;21:44;Freitag;21;Abend;28;20.8;0.0;1;34;7.9;0;0;0
boetzow;2026-05-22;21:44;Freitag;21;Abend;45;20.8;0.0;1;34;7.9;0;0;0
friedrichshain;2026-05-22;21:44;Freitag;21;Abend;51;20.8;0.0;1;34;7.9;0;0;0
womens_club;2026-05-22;21:44;Freitag;21;Abend;71;20.8;0.0;1;34;7.9;0;0;0
gesundbrunnen;2026-05-22;21:44;Freitag;21;Abend;51;20.8;0.0;1;34;7.9;0;0;0
charlottenburg;2026-05-22;23:09;Freitag;23;Nacht;0;18.8;0.0;0;8;7.0;0;0;0
kreuzberg;2026-05-22;23:09;Freitag;23;Nacht;0;18.8;0.0;0;8;7.0;0;0;0
prenzlauer_berg;2026-05-22;23:09;Freitag;23;Nacht;0;18.8;0.0;0;8;7.0;0;0;0
boetzow;2026-05-22;23:09;Freitag;23;Nacht;0;18.8;0.0;0;8;7.0;0;0;0
friedrichshain;2026-05-22;23:09;Freitag;23;Nacht;0;18.8;0.0;0;8;7.0;0;0;0
womens_club;2026-05-22;23:09;Freitag;23;Nacht;0;18.8;0.0;0;8;7.0;0;0;0
gesundbrunnen;2026-05-22;23:09;Freitag;23;Nacht;0;18.8;0.0;0;8;7.0;0;0;0
charlottenburg;2026-05-23;00:33;Samstag;0;Nacht;0;17.5;0.0;1;15;4.8;1;0;0
kreuzberg;2026-05-23;00:33;Samstag;0;Nacht;0;17.5;0.0;1;15;4.8;1;0;0
prenzlauer_berg;2026-05-23;00:33;Samstag;0;Nacht;10;17.5;0.0;1;15;4.8;1;0;0
boetzow;2026-05-23;00:33;Samstag;0;Nacht;0;17.5;0.0;1;15;4.8;1;0;0
friedrichshain;2026-05-23;00:33;Samstag;0;Nacht;0;17.5;0.0;1;15;4.8;1;0;0
womens_club;2026-05-23;00:33;Samstag;0;Nacht;0;17.5;0.0;1;15;4.8;1;0;0
gesundbrunnen;2026-05-23;00:33;Samstag;0;Nacht;0;17.5;0.0;1;15;4.8;1;0;0
charlottenburg;2026-05-23;02:07;Samstag;2;Nacht;0;16.5;0.0;1;8;4.3;1;0;0
kreuzberg;2026-05-23;02:07;Samstag;2;Nacht;0;16.5;0.0;1;8;4.3;1;0;0
prenzlauer_berg;2026-05-23;02:07;Samstag;2;Nacht;6;16.5;0.0;1;8;4.3;1;0;0
boetzow;2026-05-23;02:07;Samstag;2;Nacht;0;16.5;0.0;1;8;4.3;1;0;0
friedrichshain;2026-05-23;02:07;Samstag;2;Nacht;0;16.5;0.0;1;8;4.3;1;0;0
womens_club;2026-05-23;02:07;Samstag;2;Nacht;0;16.5;0.0;1;8;4.3;1;0;0
gesundbrunnen;2026-05-23;02:07;Samstag;2;Nacht;0;16.5;0.0;1;8;4.3;1;0;0
charlottenburg;2026-05-23;06:24;Samstag;6;Morgen;4;14.7;0.0;0;0;5.2;1;0;0
kreuzberg;2026-05-23;06:24;Samstag;6;Morgen;1;14.7;0.0;0;0;5.2;1;0;0
prenzlauer_berg;2026-05-23;06:24;Samstag;6;Morgen;4;14.7;0.0;0;0;5.2;1;0;0
boetzow;2026-05-23;06:24;Samstag;6;Morgen;0;14.7;0.0;0;0;5.2;1;0;0
friedrichshain;2026-05-23;06:24;Samstag;6;Morgen;0;14.7;0.0;0;0;5.2;1;0;0
womens_club;2026-05-23;06:24;Samstag;6;Morgen;0;14.7;0.0;0;0;5.2;1;0;0
gesundbrunnen;2026-05-23;06:24;Samstag;6;Morgen;3;14.7;0.0;0;0;5.2;1;0;0
charlottenburg;2026-05-23;09:15;Samstag;9;Morgen;29;18.9;0.0;0;0;5.1;1;0;0
kreuzberg;2026-05-23;09:15;Samstag;9;Morgen;27;18.9;0.0;0;0;5.1;1;0;0
prenzlauer_berg;2026-05-23;09:15;Samstag;9;Morgen;30;18.9;0.0;0;0;5.1;1;0;0
boetzow;2026-05-23;09:15;Samstag;9;Morgen;41;18.9;0.0;0;0;5.1;1;0;0
friedrichshain;2026-05-23;09:15;Samstag;9;Morgen;61;18.9;0.0;0;0;5.1;1;0;0
womens_club;2026-05-23;09:15;Samstag;9;Morgen;20;18.9;0.0;0;0;5.1;1;0;0
gesundbrunnen;2026-05-23;09:15;Samstag;9;Morgen;28;18.9;0.0;0;0;5.1;1;0;0
charlottenburg;2026-05-23;11:20;Samstag;11;Morgen;53;22.8;0.0;1;2;4.7;1;0;0
kreuzberg;2026-05-23;11:20;Samstag;11;Morgen;50;22.8;0.0;1;2;4.7;1;0;0
prenzlauer_berg;2026-05-23;11:20;Samstag;11;Morgen;51;22.8;0.0;1;2;4.7;1;0;0
boetzow;2026-05-23;11:20;Samstag;11;Morgen;59;22.8;0.0;1;2;4.7;1;0;0
friedrichshain;2026-05-23;11:20;Samstag;11;Morgen;81;22.8;0.0;1;2;4.7;1;0;0
womens_club;2026-05-23;11:20;Samstag;11;Morgen;46;22.8;0.0;1;2;4.7;1;0;0
gesundbrunnen;2026-05-23;11:20;Samstag;11;Morgen;61;22.8;0.0;1;2;4.7;1;0;0
charlottenburg;2026-05-23;12:52;Samstag;12;Mittag;53;25.3;0.0;0;4;3.9;1;0;0
kreuzberg;2026-05-23;12:52;Samstag;12;Mittag;38;25.3;0.0;0;4;3.9;1;0;0
prenzlauer_berg;2026-05-23;12:52;Samstag;12;Mittag;43;25.3;0.0;0;4;3.9;1;0;0
boetzow;2026-05-23;12:52;Samstag;12;Mittag;74;25.3;0.0;0;4;3.9;1;0;0
friedrichshain;2026-05-23;12:52;Samstag;12;Mittag;77;25.3;0.0;0;4;3.9;1;0;0
womens_club;2026-05-23;12:52;Samstag;12;Mittag;44;25.3;0.0;0;4;3.9;1;0;0
gesundbrunnen;2026-05-23;12:52;Samstag;12;Mittag;65;25.3;0.0;0;4;3.9;1;0;0
charlottenburg;2026-05-23;13:59;Samstag;13;Mittag;45;26.2;0.0;0;11;4.7;1;0;0
kreuzberg;2026-05-23;13:59;Samstag;13;Mittag;44;26.2;0.0;0;11;4.7;1;0;0
prenzlauer_berg;2026-05-23;13:59;Samstag;13;Mittag;47;26.2;0.0;0;11;4.7;1;0;0
boetzow;2026-05-23;13:59;Samstag;13;Mittag;58;26.2;0.0;0;11;4.7;1;0;0
friedrichshain;2026-05-23;13:59;Samstag;13;Mittag;55;26.2;0.0;0;11;4.7;1;0;0
womens_club;2026-05-23;13:59;Samstag;13;Mittag;40;26.2;0.0;0;11;4.7;1;0;0
gesundbrunnen;2026-05-23;13:59;Samstag;13;Mittag;66;26.2;0.0;0;11;4.7;1;0;0
charlottenburg;2026-05-23;15:58;Samstag;15;Mittag;42;27.6;0.0;1;6;5.4;1;0;0
kreuzberg;2026-05-23;15:58;Samstag;15;Mittag;38;27.6;0.0;1;6;5.4;1;0;0
prenzlauer_berg;2026-05-23;15:58;Samstag;15;Mittag;32;27.6;0.0;1;6;5.4;1;0;0
boetzow;2026-05-23;15:58;Samstag;15;Mittag;42;27.6;0.0;1;6;5.4;1;0;0
friedrichshain;2026-05-23;15:58;Samstag;15;Mittag;47;27.6;0.0;1;6;5.4;1;0;0
womens_club;2026-05-23;15:58;Samstag;15;Mittag;39;27.6;0.0;1;6;5.4;1;0;0
gesundbrunnen;2026-05-23;15:58;Samstag;15;Mittag;51;27.6;0.0;1;6;5.4;1;0;0
charlottenburg;2026-05-23;17:09;Samstag;17;Abend;35;27.9;0.0;3;100;7.7;1;0;0
kreuzberg;2026-05-23;17:09;Samstag;17;Abend;25;27.9;0.0;3;100;7.7;1;0;0
prenzlauer_berg;2026-05-23;17:09;Samstag;17;Abend;24;27.9;0.0;3;100;7.7;1;0;0
boetzow;2026-05-23;17:09;Samstag;17;Abend;46;27.9;0.0;3;100;7.7;1;0;0
friedrichshain;2026-05-23;17:09;Samstag;17;Abend;37;27.9;0.0;3;100;7.7;1;0;0
womens_club;2026-05-23;17:09;Samstag;17;Abend;42;27.9;0.0;3;100;7.7;1;0;0
gesundbrunnen;2026-05-23;17:09;Samstag;17;Abend;37;27.9;0.0;3;100;7.7;1;0;0
charlottenburg;2026-05-23;18:31;Samstag;18;Abend;30;27.9;0.0;3;51;8.6;1;0;0
kreuzberg;2026-05-23;18:31;Samstag;18;Abend;26;27.9;0.0;3;51;8.6;1;0;0
prenzlauer_berg;2026-05-23;18:31;Samstag;18;Abend;18;27.9;0.0;3;51;8.6;1;0;0
boetzow;2026-05-23;18:31;Samstag;18;Abend;46;27.9;0.0;3;51;8.6;1;0;0
friedrichshain;2026-05-23;18:31;Samstag;18;Abend;34;27.9;0.0;3;51;8.6;1;0;0
womens_club;2026-05-23;18:31;Samstag;18;Abend;47;27.9;0.0;3;51;8.6;1;0;0
gesundbrunnen;2026-05-23;18:31;Samstag;18;Abend;33;27.9;0.0;3;51;8.6;1;0;0
charlottenburg;2026-05-23;20:01;Samstag;20;Abend;36;26.9;0.0;3;100;6.1;1;0;0
kreuzberg;2026-05-23;20:01;Samstag;20;Abend;23;26.9;0.0;3;100;6.1;1;0;0
prenzlauer_berg;2026-05-23;20:01;Samstag;20;Abend;18;26.9;0.0;3;100;6.1;1;0;0
boetzow;2026-05-23;20:01;Samstag;20;Abend;27;26.9;0.0;3;100;6.1;1;0;0
friedrichshain;2026-05-23;20:01;Samstag;20;Abend;42;26.9;0.0;3;100;6.1;1;0;0
womens_club;2026-05-23;20:01;Samstag;20;Abend;51;26.9;0.0;3;100;6.1;1;0;0
gesundbrunnen;2026-05-23;20:01;Samstag;20;Abend;29;26.9;0.0;3;100;6.1;1;0;0
charlottenburg;2026-05-23;21:43;Samstag;21;Abend;36;25.5;0.0;0;0;2.9;1;0;0
kreuzberg;2026-05-23;21:43;Samstag;21;Abend;21;25.5;0.0;0;0;2.9;1;0;0
prenzlauer_berg;2026-05-23;21:43;Samstag;21;Abend;21;25.5;0.0;0;0;2.9;1;0;0
boetzow;2026-05-23;21:43;Samstag;21;Abend;22;25.5;0.0;0;0;2.9;1;0;0
friedrichshain;2026-05-23;21:43;Samstag;21;Abend;36;25.5;0.0;0;0;2.9;1;0;0
womens_club;2026-05-23;21:43;Samstag;21;Abend;0;25.5;0.0;0;0;2.9;1;0;0
gesundbrunnen;2026-05-23;21:43;Samstag;21;Abend;29;25.5;0.0;0;0;2.9;1;0;0
charlottenburg;2026-05-23;22:52;Samstag;22;Abend;31;23.8;0.0;0;0;2.9;1;0;0
kreuzberg;2026-05-23;22:52;Samstag;22;Abend;18;23.8;0.0;0;0;2.9;1;0;0
prenzlauer_berg;2026-05-23;22:52;Samstag;22;Abend;16;23.8;0.0;0;0;2.9;1;0;0
boetzow;2026-05-23;22:52;Samstag;22;Abend;0;23.8;0.0;0;0;2.9;1;0;0
friedrichshain;2026-05-23;22:52;Samstag;22;Abend;0;23.8;0.0;0;0;2.9;1;0;0
womens_club;2026-05-23;22:52;Samstag;22;Abend;0;23.8;0.0;0;0;2.9;1;0;0
gesundbrunnen;2026-05-23;22:52;Samstag;22;Abend;28;23.8;0.0;0;0;2.9;1;0;0
charlottenburg;2026-05-23;23:55;Samstag;23;Nacht;0;22.3;0.0;0;0;4.1;1;0;0
kreuzberg;2026-05-23;23:55;Samstag;23;Nacht;0;22.3;0.0;0;0;4.1;1;0;0
prenzlauer_berg;2026-05-23;23:55;Samstag;23;Nacht;0;22.3;0.0;0;0;4.1;1;0;0
boetzow;2026-05-23;23:55;Samstag;23;Nacht;0;22.3;0.0;0;0;4.1;1;0;0
friedrichshain;2026-05-23;23:55;Samstag;23;Nacht;0;22.3;0.0;0;0;4.1;1;0;0
womens_club;2026-05-23;23:55;Samstag;23;Nacht;0;22.3;0.0;0;0;4.1;1;0;0
gesundbrunnen;2026-05-23;23:55;Samstag;23;Nacht;0;22.3;0.0;0;0;4.1;1;0;0
charlottenburg;2026-05-24;00:53;Sonntag;0;Nacht;0;21.1;0.0;0;0;4.0;1;0;0
kreuzberg;2026-05-24;00:53;Sonntag;0;Nacht;0;21.1;0.0;0;0;4.0;1;0;0
prenzlauer_berg;2026-05-24;00:53;Sonntag;0;Nacht;8;21.1;0.0;0;0;4.0;1;0;0
boetzow;2026-05-24;00:53;Sonntag;0;Nacht;0;21.1;0.0;0;0;4.0;1;0;0
friedrichshain;2026-05-24;00:53;Sonntag;0;Nacht;0;21.1;0.0;0;0;4.0;1;0;0
womens_club;2026-05-24;00:53;Sonntag;0;Nacht;0;21.1;0.0;0;0;4.0;1;0;0
gesundbrunnen;2026-05-24;00:53;Sonntag;0;Nacht;0;21.1;0.0;0;0;4.0;1;0;0
charlottenburg;2026-05-24;01:57;Sonntag;1;Nacht;0;20.4;0.0;0;3;4.1;1;0;0
kreuzberg;2026-05-24;01:57;Sonntag;1;Nacht;0;20.4;0.0;0;3;4.1;1;0;0
prenzlauer_berg;2026-05-24;01:57;Sonntag;1;Nacht;4;20.4;0.0;0;3;4.1;1;0;0
boetzow;2026-05-24;01:57;Sonntag;1;Nacht;0;20.4;0.0;0;3;4.1;1;0;0
friedrichshain;2026-05-24;01:57;Sonntag;1;Nacht;0;20.4;0.0;0;3;4.1;1;0;0
womens_club;2026-05-24;01:57;Sonntag;1;Nacht;0;20.4;0.0;0;3;4.1;1;0;0
gesundbrunnen;2026-05-24;01:57;Sonntag;1;Nacht;0;20.4;0.0;0;3;4.1;1;0;0
charlottenburg;2026-05-24;06:16;Sonntag;6;Morgen;2;18.5;0.0;1;14;4.1;1;0;0
kreuzberg;2026-05-24;06:16;Sonntag;6;Morgen;0;18.5;0.0;1;14;4.1;1;0;0
prenzlauer_berg;2026-05-24;06:16;Sonntag;6;Morgen;3;18.5;0.0;1;14;4.1;1;0;0
boetzow;2026-05-24;06:16;Sonntag;6;Morgen;0;18.5;0.0;1;14;4.1;1;0;0
friedrichshain;2026-05-24;06:16;Sonntag;6;Morgen;0;18.5;0.0;1;14;4.1;1;0;0
womens_club;2026-05-24;06:16;Sonntag;6;Morgen;0;18.5;0.0;1;14;4.1;1;0;0
gesundbrunnen;2026-05-24;06:16;Sonntag;6;Morgen;2;18.5;0.0;1;14;4.1;1;0;0
charlottenburg;2026-05-24;09:36;Sonntag;9;Morgen;31;23.9;0.0;1;38;8.8;1;0;0
kreuzberg;2026-05-24;09:36;Sonntag;9;Morgen;20;23.9;0.0;1;38;8.8;1;0;0
prenzlauer_berg;2026-05-24;09:36;Sonntag;9;Morgen;23;23.9;0.0;1;38;8.8;1;0;0
boetzow;2026-05-24;09:36;Sonntag;9;Morgen;28;23.9;0.0;1;38;8.8;1;0;0
friedrichshain;2026-05-24;09:36;Sonntag;9;Morgen;51;23.9;0.0;1;38;8.8;1;0;0
womens_club;2026-05-24;09:36;Sonntag;9;Morgen;11;23.9;0.0;1;38;8.8;1;0;0
gesundbrunnen;2026-05-24;09:36;Sonntag;9;Morgen;24;23.9;0.0;1;38;8.8;1;0;0
charlottenburg;2026-05-24;11:54;Sonntag;11;Morgen;36;25.6;0.0;1;44;11.4;1;0;0
kreuzberg;2026-05-24;11:54;Sonntag;11;Morgen;53;25.6;0.0;1;44;11.4;1;0;0
prenzlauer_berg;2026-05-24;11:54;Sonntag;11;Morgen;47;25.6;0.0;1;44;11.4;1;0;0
boetzow;2026-05-24;11:54;Sonntag;11;Morgen;55;25.6;0.0;1;44;11.4;1;0;0
friedrichshain;2026-05-24;11:54;Sonntag;11;Morgen;71;25.6;0.0;1;44;11.4;1;0;0
womens_club;2026-05-24;11:54;Sonntag;11;Morgen;44;25.6;0.0;1;44;11.4;1;0;0
gesundbrunnen;2026-05-24;11:54;Sonntag;11;Morgen;66;25.6;0.0;1;44;11.4;1;0;0
charlottenburg;2026-05-24;13:16;Sonntag;13;Mittag;50;27.8;0.0;2;91;11.8;1;0;0
kreuzberg;2026-05-24;13:16;Sonntag;13;Mittag;59;27.8;0.0;2;91;11.8;1;0;0
prenzlauer_berg;2026-05-24;13:16;Sonntag;13;Mittag;39;27.8;0.0;2;91;11.8;1;0;0
boetzow;2026-05-24;13:16;Sonntag;13;Mittag;42;27.8;0.0;2;91;11.8;1;0;0
friedrichshain;2026-05-24;13:16;Sonntag;13;Mittag;63;27.8;0.0;2;91;11.8;1;0;0
womens_club;2026-05-24;13:16;Sonntag;13;Mittag;36;27.8;0.0;2;91;11.8;1;0;0
gesundbrunnen;2026-05-24;13:16;Sonntag;13;Mittag;57;27.8;0.0;2;91;11.8;1;0;0
charlottenburg;2026-05-24;14:40;Sonntag;14;Mittag;40;28.2;0.0;2;75;14.1;1;0;0
kreuzberg;2026-05-24;14:40;Sonntag;14;Mittag;42;28.2;0.0;2;75;14.1;1;0;0
prenzlauer_berg;2026-05-24;14:40;Sonntag;14;Mittag;30;28.2;0.0;2;75;14.1;1;0;0
boetzow;2026-05-24;14:40;Sonntag;14;Mittag;42;28.2;0.0;2;75;14.1;1;0;0
friedrichshain;2026-05-24;14:40;Sonntag;14;Mittag;46;28.2;0.0;2;75;14.1;1;0;0
womens_club;2026-05-24;14:40;Sonntag;14;Mittag;43;28.2;0.0;2;75;14.1;1;0;0
gesundbrunnen;2026-05-24;14:40;Sonntag;14;Mittag;44;28.2;0.0;2;75;14.1;1;0;0
charlottenburg;2026-05-24;16:23;Sonntag;16;Mittag;30;27.0;0.0;3;99;15.0;1;0;0
kreuzberg;2026-05-24;16:23;Sonntag;16;Mittag;30;27.0;0.0;3;99;15.0;1;0;0
prenzlauer_berg;2026-05-24;16:23;Sonntag;16;Mittag;22;27.0;0.0;3;99;15.0;1;0;0
boetzow;2026-05-24;16:23;Sonntag;16;Mittag;39;27.0;0.0;3;99;15.0;1;0;0
friedrichshain;2026-05-24;16:23;Sonntag;16;Mittag;44;27.0;0.0;3;99;15.0;1;0;0
womens_club;2026-05-24;16:23;Sonntag;16;Mittag;42;27.0;0.0;3;99;15.0;1;0;0
gesundbrunnen;2026-05-24;16:23;Sonntag;16;Mittag;45;27.0;0.0;3;99;15.0;1;0;0
charlottenburg;2026-05-24;17:43;Sonntag;17;Abend;28;26.1;0.0;1;68;16.9;1;0;0
kreuzberg;2026-05-24;17:43;Sonntag;17;Abend;27;26.1;0.0;1;68;16.9;1;0;0
prenzlauer_berg;2026-05-24;17:43;Sonntag;17;Abend;21;26.1;0.0;1;68;16.9;1;0;0
boetzow;2026-05-24;17:43;Sonntag;17;Abend;47;26.1;0.0;1;68;16.9;1;0;0
friedrichshain;2026-05-24;17:43;Sonntag;17;Abend;53;26.1;0.0;1;68;16.9;1;0;0
womens_club;2026-05-24;17:43;Sonntag;17;Abend;44;26.1;0.0;1;68;16.9;1;0;0
gesundbrunnen;2026-05-24;17:43;Sonntag;17;Abend;38;26.1;0.0;1;68;16.9;1;0;0
charlottenburg;2026-05-24;19:01;Sonntag;19;Abend;37;24.6;0.0;0;0;15.6;1;0;0
kreuzberg;2026-05-24;19:01;Sonntag;19;Abend;24;24.6;0.0;0;0;15.6;1;0;0
prenzlauer_berg;2026-05-24;19:01;Sonntag;19;Abend;0;24.6;0.0;0;0;15.6;1;0;0
boetzow;2026-05-24;19:01;Sonntag;19;Abend;36;24.6;0.0;0;0;15.6;1;0;0
friedrichshain;2026-05-24;19:01;Sonntag;19;Abend;43;24.6;0.0;0;0;15.6;1;0;0
womens_club;2026-05-24;19:01;Sonntag;19;Abend;0;24.6;0.0;0;0;15.6;1;0;0
gesundbrunnen;2026-05-24;19:01;Sonntag;19;Abend;0;24.6;0.0;0;0;15.6;1;0;0
charlottenburg;2026-05-24;20:37;Sonntag;20;Abend;32;21.9;0.0;0;4;14.8;1;0;0
kreuzberg;2026-05-24;20:37;Sonntag;20;Abend;22;21.9;0.0;0;4;14.8;1;0;0
prenzlauer_berg;2026-05-24;20:37;Sonntag;20;Abend;27;21.9;0.0;0;4;14.8;1;0;0
boetzow;2026-05-24;20:37;Sonntag;20;Abend;42;21.9;0.0;0;4;14.8;1;0;0
friedrichshain;2026-05-24;20:37;Sonntag;20;Abend;41;21.9;0.0;0;4;14.8;1;0;0
womens_club;2026-05-24;20:37;Sonntag;20;Abend;49;21.9;0.0;0;4;14.8;1;0;0
gesundbrunnen;2026-05-24;20:37;Sonntag;20;Abend;34;21.9;0.0;0;4;14.8;1;0;0
charlottenburg;2026-05-24;22:05;Sonntag;22;Abend;28;19.9;0.0;2;45;9.4;1;0;0
kreuzberg;2026-05-24;22:05;Sonntag;22;Abend;21;19.9;0.0;2;45;9.4;1;0;0
prenzlauer_berg;2026-05-24;22:05;Sonntag;22;Abend;22;19.9;0.0;2;45;9.4;1;0;0
boetzow;2026-05-24;22:05;Sonntag;22;Abend;0;19.9;0.0;2;45;9.4;1;0;0
friedrichshain;2026-05-24;22:05;Sonntag;22;Abend;0;19.9;0.0;2;45;9.4;1;0;0
womens_club;2026-05-24;22:05;Sonntag;22;Abend;0;19.9;0.0;2;45;9.4;1;0;0
gesundbrunnen;2026-05-24;22:05;Sonntag;22;Abend;32;19.9;0.0;2;45;9.4;1;0;0
charlottenburg;2026-05-24;23:28;Sonntag;23;Nacht;0;18.3;0.0;1;18;8.7;1;0;0
kreuzberg;2026-05-24;23:28;Sonntag;23;Nacht;0;18.3;0.0;1;18;8.7;1;0;0
prenzlauer_berg;2026-05-24;23:28;Sonntag;23;Nacht;0;18.3;0.0;1;18;8.7;1;0;0
boetzow;2026-05-24;23:28;Sonntag;23;Nacht;0;18.3;0.0;1;18;8.7;1;0;0
friedrichshain;2026-05-24;23:28;Sonntag;23;Nacht;0;18.3;0.0;1;18;8.7;1;0;0
womens_club;2026-05-24;23:28;Sonntag;23;Nacht;0;18.3;0.0;1;18;8.7;1;0;0
gesundbrunnen;2026-05-24;23:28;Sonntag;23;Nacht;0;18.3;0.0;1;18;8.7;1;0;0
charlottenburg;2026-05-25;00:32;Montag;0;Nacht;0;16.7;0.0;0;5;7.6;0;1;0
kreuzberg;2026-05-25;00:32;Montag;0;Nacht;0;16.7;0.0;0;5;7.6;0;1;0
prenzlauer_berg;2026-05-25;00:32;Montag;0;Nacht;9;16.7;0.0;0;5;7.6;0;1;0
boetzow;2026-05-25;00:32;Montag;0;Nacht;0;16.7;0.0;0;5;7.6;0;1;0
friedrichshain;2026-05-25;00:32;Montag;0;Nacht;0;16.7;0.0;0;5;7.6;0;1;0
womens_club;2026-05-25;00:32;Montag;0;Nacht;0;16.7;0.0;0;5;7.6;0;1;0
gesundbrunnen;2026-05-25;00:32;Montag;0;Nacht;0;16.7;0.0;0;5;7.6;0;1;0
charlottenburg;2026-05-25;01:59;Montag;1;Nacht;0;15.8;0.0;1;11;6.1;0;1;0
kreuzberg;2026-05-25;01:59;Montag;1;Nacht;0;15.8;0.0;1;11;6.1;0;1;0
prenzlauer_berg;2026-05-25;01:59;Montag;1;Nacht;4;15.8;0.0;1;11;6.1;0;1;0
boetzow;2026-05-25;01:59;Montag;1;Nacht;0;15.8;0.0;1;11;6.1;0;1;0
friedrichshain;2026-05-25;01:59;Montag;1;Nacht;0;15.8;0.0;1;11;6.1;0;1;0
womens_club;2026-05-25;01:59;Montag;1;Nacht;0;15.8;0.0;1;11;6.1;0;1;0
gesundbrunnen;2026-05-25;01:59;Montag;1;Nacht;0;15.8;0.0;1;11;6.1;0;1;0
charlottenburg;2026-05-25;06:44;Montag;6;Morgen;6;14.3;0.0;1;43;3.3;0;1;0
kreuzberg;2026-05-25;06:44;Montag;6;Morgen;2;14.3;0.0;1;43;3.3;0;1;0
prenzlauer_berg;2026-05-25;06:44;Montag;6;Morgen;6;14.3;0.0;1;43;3.3;0;1;0
boetzow;2026-05-25;06:44;Montag;6;Morgen;0;14.3;0.0;1;43;3.3;0;1;0
friedrichshain;2026-05-25;06:44;Montag;6;Morgen;0;14.3;0.0;1;43;3.3;0;1;0
womens_club;2026-05-25;06:44;Montag;6;Morgen;0;14.3;0.0;1;43;3.3;0;1;0
gesundbrunnen;2026-05-25;06:44;Montag;6;Morgen;6;14.3;0.0;1;43;3.3;0;1;0
charlottenburg;2026-05-25;10:56;Montag;10;Morgen;64;20.3;0.0;0;5;7.2;0;1;0
kreuzberg;2026-05-25;10:56;Montag;10;Morgen;44;20.3;0.0;0;5;7.2;0;1;0
prenzlauer_berg;2026-05-25;10:56;Montag;10;Morgen;52;20.3;0.0;0;5;7.2;0;1;0
boetzow;2026-05-25;10:56;Montag;10;Morgen;59;20.3;0.0;0;5;7.2;0;1;0
friedrichshain;2026-05-25;10:56;Montag;10;Morgen;82;20.3;0.0;0;5;7.2;0;1;0
womens_club;2026-05-25;10:56;Montag;10;Morgen;27;20.3;0.0;0;5;7.2;0;1;0
gesundbrunnen;2026-05-25;10:56;Montag;10;Morgen;49;20.3;0.0;0;5;7.2;0;1;0
charlottenburg;2026-05-25;14:35;Montag;14;Mittag;43;25.0;0.0;0;0;7.9;0;1;0
kreuzberg;2026-05-25;14:35;Montag;14;Mittag;64;25.0;0.0;0;0;7.9;0;1;0
prenzlauer_berg;2026-05-25;14:35;Montag;14;Mittag;46;25.0;0.0;0;0;7.9;0;1;0
boetzow;2026-05-25;14:35;Montag;14;Mittag;48;25.0;0.0;0;0;7.9;0;1;0
friedrichshain;2026-05-25;14:35;Montag;14;Mittag;59;25.0;0.0;0;0;7.9;0;1;0
womens_club;2026-05-25;14:35;Montag;14;Mittag;35;25.0;0.0;0;0;7.9;0;1;0
gesundbrunnen;2026-05-25;14:35;Montag;14;Mittag;61;25.0;0.0;0;0;7.9;0;1;0
charlottenburg;2026-05-25;17:50;Montag;17;Abend;48;26.0;0.0;0;0;8.9;0;1;0
kreuzberg;2026-05-25;17:50;Montag;17;Abend;37;26.0;0.0;0;0;8.9;0;1;0
prenzlauer_berg;2026-05-25;17:50;Montag;17;Abend;40;26.0;0.0;0;0;8.9;0;1;0
boetzow;2026-05-25;17:50;Montag;17;Abend;47;26.0;0.0;0;0;8.9;0;1;0
friedrichshain;2026-05-25;17:50;Montag;17;Abend;57;26.0;0.0;0;0;8.9;0;1;0
womens_club;2026-05-25;17:50;Montag;17;Abend;47;26.0;0.0;0;0;8.9;0;1;0
gesundbrunnen;2026-05-25;17:50;Montag;17;Abend;50;26.0;0.0;0;0;8.9;0;1;0
charlottenburg;2026-05-25;19:43;Montag;19;Abend;54;25.6;0.0;0;0;7.9;0;1;0
kreuzberg;2026-05-25;19:43;Montag;19;Abend;43;25.6;0.0;0;0;7.9;0;1;0
prenzlauer_berg;2026-05-25;19:43;Montag;19;Abend;38;25.6;0.0;0;0;7.9;0;1;0
boetzow;2026-05-25;19:43;Montag;19;Abend;50;25.6;0.0;0;0;7.9;0;1;0
friedrichshain;2026-05-25;19:43;Montag;19;Abend;69;25.6;0.0;0;0;7.9;0;1;0
womens_club;2026-05-25;19:43;Montag;19;Abend;52;25.6;0.0;0;0;7.9;0;1;0
gesundbrunnen;2026-05-25;19:43;Montag;19;Abend;62;25.6;0.0;0;0;7.9;0;1;0
charlottenburg;2026-05-25;21:39;Montag;21;Abend;43;24.1;0.0;0;0;7.0;0;1;0
kreuzberg;2026-05-25;21:39;Montag;21;Abend;34;24.1;0.0;0;0;7.0;0;1;0
prenzlauer_berg;2026-05-25;21:39;Montag;21;Abend;36;24.1;0.0;0;0;7.0;0;1;0
boetzow;2026-05-25;21:39;Montag;21;Abend;36;24.1;0.0;0;0;7.0;0;1;0
friedrichshain;2026-05-25;21:39;Montag;21;Abend;40;24.1;0.0;0;0;7.0;0;1;0
womens_club;2026-05-25;21:39;Montag;21;Abend;42;24.1;0.0;0;0;7.0;0;1;0
gesundbrunnen;2026-05-25;21:39;Montag;21;Abend;50;24.1;0.0;0;0;7.0;0;1;0
charlottenburg;2026-05-25;23:05;Montag;23;Nacht;0;22.2;0.0;0;0;4.8;0;1;0
kreuzberg;2026-05-25;23:05;Montag;23;Nacht;0;22.2;0.0;0;0;4.8;0;1;0
prenzlauer_berg;2026-05-25;23:05;Montag;23;Nacht;0;22.2;0.0;0;0;4.8;0;1;0
boetzow;2026-05-25;23:05;Montag;23;Nacht;0;22.2;0.0;0;0;4.8;0;1;0
friedrichshain;2026-05-25;23:05;Montag;23;Nacht;0;22.2;0.0;0;0;4.8;0;1;0
womens_club;2026-05-25;23:06;Montag;23;Nacht;0;22.2;0.0;0;0;4.8;0;1;0
gesundbrunnen;2026-05-25;23:06;Montag;23;Nacht;0;22.2;0.0;0;0;4.8;0;1;0
charlottenburg;2026-05-26;00:34;Dienstag;0;Nacht;0;20.1;0.0;0;0;3.6;0;0;0
kreuzberg;2026-05-26;00:34;Dienstag;0;Nacht;0;20.1;0.0;0;0;3.6;0;0;0
prenzlauer_berg;2026-05-26;00:34;Dienstag;0;Nacht;10;20.1;0.0;0;0;3.6;0;0;0
boetzow;2026-05-26;00:34;Dienstag;0;Nacht;0;20.1;0.0;0;0;3.6;0;0;0
friedrichshain;2026-05-26;00:34;Dienstag;0;Nacht;0;20.1;0.0;0;0;3.6;0;0;0
womens_club;2026-05-26;00:34;Dienstag;0;Nacht;0;20.1;0.0;0;0;3.6;0;0;0
gesundbrunnen;2026-05-26;00:34;Dienstag;0;Nacht;0;20.1;0.0;0;0;3.6;0;0;0
charlottenburg;2026-05-26;02:05;Dienstag;2;Nacht;0;18.9;0.0;0;0;4.1;0;0;0
kreuzberg;2026-05-26;02:05;Dienstag;2;Nacht;0;18.9;0.0;0;0;4.1;0;0;0
prenzlauer_berg;2026-05-26;02:05;Dienstag;2;Nacht;3;18.9;0.0;0;0;4.1;0;0;0
boetzow;2026-05-26;02:05;Dienstag;2;Nacht;0;18.9;0.0;0;0;4.1;0;0;0
friedrichshain;2026-05-26;02:05;Dienstag;2;Nacht;0;18.9;0.0;0;0;4.1;0;0;0
womens_club;2026-05-26;02:05;Dienstag;2;Nacht;0;18.9;0.0;0;0;4.1;0;0;0
gesundbrunnen;2026-05-26;02:05;Dienstag;2;Nacht;0;18.9;0.0;0;0;4.1;0;0;0
charlottenburg;2026-05-26;06:43;Dienstag;6;Morgen;14;16.0;0.0;0;0;6.2;0;0;0
kreuzberg;2026-05-26;06:43;Dienstag;6;Morgen;8;16.0;0.0;0;0;6.2;0;0;0
prenzlauer_berg;2026-05-26;06:43;Dienstag;6;Morgen;13;16.0;0.0;0;0;6.2;0;0;0
boetzow;2026-05-26;06:43;Dienstag;6;Morgen;11;16.0;0.0;0;0;6.2;0;0;0
friedrichshain;2026-05-26;06:43;Dienstag;6;Morgen;23;16.0;0.0;0;0;6.2;0;0;0
womens_club;2026-05-26;06:43;Dienstag;6;Morgen;3;16.0;0.0;0;0;6.2;0;0;0
gesundbrunnen;2026-05-26;06:43;Dienstag;6;Morgen;9;16.0;0.0;0;0;6.2;0;0;0
charlottenburg;2026-05-26;10:31;Dienstag;10;Morgen;37;22.7;0.0;0;0;8.3;0;0;0
kreuzberg;2026-05-26;10:31;Dienstag;10;Morgen;33;22.7;0.0;0;0;8.3;0;0;0
prenzlauer_berg;2026-05-26;10:31;Dienstag;10;Morgen;35;22.7;0.0;0;0;8.3;0;0;0
boetzow;2026-05-26;10:31;Dienstag;10;Morgen;31;22.7;0.0;0;0;8.3;0;0;0
friedrichshain;2026-05-26;10:31;Dienstag;10;Morgen;50;22.7;0.0;0;0;8.3;0;0;0
womens_club;2026-05-26;10:31;Dienstag;10;Morgen;44;22.7;0.0;0;0;8.3;0;0;0
gesundbrunnen;2026-05-26;10:31;Dienstag;10;Morgen;44;22.7;0.0;0;0;8.3;0;0;0
charlottenburg;2026-05-26;18:24;Dienstag;18;Abend;63;29.7;0.0;0;0;13.5;0;0;0
kreuzberg;2026-05-26;18:24;Dienstag;18;Abend;41;29.7;0.0;0;0;13.5;0;0;0
prenzlauer_berg;2026-05-26;18:24;Dienstag;18;Abend;53;29.7;0.0;0;0;13.5;0;0;0
boetzow;2026-05-26;18:24;Dienstag;18;Abend;71;29.7;0.0;0;0;13.5;0;0;0
friedrichshain;2026-05-26;18:24;Dienstag;18;Abend;92;29.7;0.0;0;0;13.5;0;0;0
womens_club;2026-05-26;18:24;Dienstag;18;Abend;52;29.7;0.0;0;0;13.5;0;0;0
gesundbrunnen;2026-05-26;18:24;Dienstag;18;Abend;67;29.7;0.0;0;0;13.5;0;0;0
charlottenburg;2026-05-26;20:41;Dienstag;20;Abend;68;27.7;0.0;0;0;12.5;0;0;0
kreuzberg;2026-05-26;20:41;Dienstag;20;Abend;61;27.7;0.0;0;0;12.5;0;0;0
prenzlauer_berg;2026-05-26;20:41;Dienstag;20;Abend;54;27.7;0.0;0;0;12.5;0;0;0
boetzow;2026-05-26;20:41;Dienstag;20;Abend;65;27.7;0.0;0;0;12.5;0;0;0
friedrichshain;2026-05-26;20:41;Dienstag;20;Abend;89;27.7;0.0;0;0;12.5;0;0;0
womens_club;2026-05-26;20:41;Dienstag;20;Abend;57;27.7;0.0;0;0;12.5;0;0;0
gesundbrunnen;2026-05-26;20:41;Dienstag;20;Abend;74;27.7;0.0;0;0;12.5;0;0;0
charlottenburg;2026-05-26;22:53;Dienstag;22;Abend;46;24.6;0.0;0;0;9.8;0;0;0
kreuzberg;2026-05-26;22:53;Dienstag;22;Abend;42;24.6;0.0;0;0;9.8;0;0;0
prenzlauer_berg;2026-05-26;22:53;Dienstag;22;Abend;27;24.6;0.0;0;0;9.8;0;0;0
boetzow;2026-05-26;22:53;Dienstag;22;Abend;38;24.6;0.0;0;0;9.8;0;0;0
friedrichshain;2026-05-26;22:53;Dienstag;22;Abend;29;24.6;0.0;0;0;9.8;0;0;0
womens_club;2026-05-26;22:53;Dienstag;22;Abend;53;24.6;0.0;0;0;9.8;0;0;0
gesundbrunnen;2026-05-26;22:53;Dienstag;22;Abend;51;24.6;0.0;0;0;9.8;0;0;0
charlottenburg;2026-05-27;00:19;Mittwoch;0;Nacht;0;22.7;0.0;0;0;10.1;0;0;0
kreuzberg;2026-05-27;00:19;Mittwoch;0;Nacht;0;22.7;0.0;0;0;10.1;0;0;0
prenzlauer_berg;2026-05-27;00:19;Mittwoch;0;Nacht;18;22.7;0.0;0;0;10.1;0;0;0
boetzow;2026-05-27;00:19;Mittwoch;0;Nacht;0;22.7;0.0;0;0;10.1;0;0;0
friedrichshain;2026-05-27;00:19;Mittwoch;0;Nacht;0;22.7;0.0;0;0;10.1;0;0;0
womens_club;2026-05-27;00:19;Mittwoch;0;Nacht;0;22.7;0.0;0;0;10.1;0;0;0
gesundbrunnen;2026-05-27;00:19;Mittwoch;0;Nacht;0;22.7;0.0;0;0;10.1;0;0;0
charlottenburg;2026-05-27;01:39;Mittwoch;1;Nacht;0;21.2;0.0;0;0;10.6;0;0;0
kreuzberg;2026-05-27;01:39;Mittwoch;1;Nacht;0;21.2;0.0;0;0;10.6;0;0;0
prenzlauer_berg;2026-05-27;01:39;Mittwoch;1;Nacht;5;21.2;0.0;0;0;10.6;0;0;0
boetzow;2026-05-27;01:39;Mittwoch;1;Nacht;0;21.2;0.0;0;0;10.6;0;0;0
friedrichshain;2026-05-27;01:39;Mittwoch;1;Nacht;0;21.2;0.0;0;0;10.6;0;0;0
womens_club;2026-05-27;01:39;Mittwoch;1;Nacht;0;21.2;0.0;0;0;10.6;0;0;0
gesundbrunnen;2026-05-27;01:39;Mittwoch;1;Nacht;0;21.2;0.0;0;0;10.6;0;0;0
charlottenburg;2026-05-27;05:49;Mittwoch;5;Morgen;0;17.0;0.0;1;0;13.0;0;0;0
kreuzberg;2026-05-27;05:49;Mittwoch;5;Morgen;0;17.0;0.0;1;0;13.0;0;0;0
prenzlauer_berg;2026-05-27;05:49;Mittwoch;5;Morgen;6;17.0;0.0;1;0;13.0;0;0;0
boetzow;2026-05-27;05:50;Mittwoch;5;Morgen;0;17.0;0.0;1;0;13.0;0;0;0
friedrichshain;2026-05-27;05:50;Mittwoch;5;Morgen;0;17.0;0.0;1;0;13.0;0;0;0
womens_club;2026-05-27;05:50;Mittwoch;5;Morgen;0;17.0;0.0;1;0;13.0;0;0;0
gesundbrunnen;2026-05-27;05:50;Mittwoch;5;Morgen;0;17.0;0.0;1;0;13.0;0;0;0
charlottenburg;2026-05-27;10:04;Mittwoch;10;Morgen;27;18.1;0.0;0;0;12.0;0;0;0
kreuzberg;2026-05-27;10:04;Mittwoch;10;Morgen;41;18.1;0.0;0;0;12.0;0;0;0
prenzlauer_berg;2026-05-27;10:04;Mittwoch;10;Morgen;45;18.1;0.0;0;0;12.0;0;0;0
boetzow;2026-05-27;10:04;Mittwoch;10;Morgen;0;18.1;0.0;0;0;12.0;0;0;0
friedrichshain;2026-05-27;10:04;Mittwoch;10;Morgen;0;18.1;0.0;0;0;12.0;0;0;0
womens_club;2026-05-27;10:04;Mittwoch;10;Morgen;32;18.1;0.0;0;0;12.0;0;0;0
gesundbrunnen;2026-05-27;10:04;Mittwoch;10;Morgen;43;18.1;0.0;0;0;12.0;0;0;0
charlottenburg;2026-05-27;13:54;Mittwoch;13;Mittag;36;21.7;0.0;0;3;15.0;0;0;0
kreuzberg;2026-05-27;13:54;Mittwoch;13;Mittag;43;21.7;0.0;0;3;15.0;0;0;0
prenzlauer_berg;2026-05-27;13:54;Mittwoch;13;Mittag;39;21.7;0.0;0;3;15.0;0;0;0
boetzow;2026-05-27;13:54;Mittwoch;13;Mittag;41;21.7;0.0;0;3;15.0;0;0;0
friedrichshain;2026-05-27;13:54;Mittwoch;13;Mittag;50;21.7;0.0;0;3;15.0;0;0;0
womens_club;2026-05-27;13:54;Mittwoch;13;Mittag;36;21.7;0.0;0;3;15.0;0;0;0
gesundbrunnen;2026-05-27;13:54;Mittwoch;13;Mittag;45;21.7;0.0;0;3;15.0;0;0;0
charlottenburg;2026-05-27;17:41;Mittwoch;17;Abend;63;21.5;0.0;0;0;15.4;0;0;0
kreuzberg;2026-05-27;17:41;Mittwoch;17;Abend;54;21.5;0.0;0;0;15.4;0;0;0
prenzlauer_berg;2026-05-27;17:41;Mittwoch;17;Abend;54;21.5;0.0;0;0;15.4;0;0;0
boetzow;2026-05-27;17:41;Mittwoch;17;Abend;58;21.5;0.0;0;0;15.4;0;0;0
friedrichshain;2026-05-27;17:41;Mittwoch;17;Abend;86;21.5;0.0;0;0;15.4;0;0;0
womens_club;2026-05-27;17:41;Mittwoch;17;Abend;62;21.5;0.0;0;0;15.4;0;0;0
gesundbrunnen;2026-05-27;17:41;Mittwoch;17;Abend;72;21.5;0.0;0;0;15.4;0;0;0
charlottenburg;2026-05-27;20:26;Mittwoch;20;Abend;72;19.0;0.0;0;0;14.6;0;0;0
kreuzberg;2026-05-27;20:26;Mittwoch;20;Abend;71;19.0;0.0;0;0;14.6;0;0;0
prenzlauer_berg;2026-05-27;20:26;Mittwoch;20;Abend;77;19.0;0.0;0;0;14.6;0;0;0
boetzow;2026-05-27;20:26;Mittwoch;20;Abend;61;19.0;0.0;0;0;14.6;0;0;0
friedrichshain;2026-05-27;20:26;Mittwoch;20;Abend;92;19.0;0.0;0;0;14.6;0;0;0
womens_club;2026-05-27;20:26;Mittwoch;20;Abend;69;19.0;0.0;0;0;14.6;0;0;0
gesundbrunnen;2026-05-27;20:26;Mittwoch;20;Abend;80;19.0;0.0;0;0;14.6;0;0;0
charlottenburg;2026-05-27;22:33;Mittwoch;22;Abend;48;16.5;0.0;0;0;8.4;0;0;0
kreuzberg;2026-05-27;22:33;Mittwoch;22;Abend;41;16.5;0.0;0;0;8.4;0;0;0
prenzlauer_berg;2026-05-27;22:33;Mittwoch;22;Abend;33;16.5;0.0;0;0;8.4;0;0;0
boetzow;2026-05-27;22:33;Mittwoch;22;Abend;32;16.5;0.0;0;0;8.4;0;0;0
friedrichshain;2026-05-27;22:33;Mittwoch;22;Abend;50;16.5;0.0;0;0;8.4;0;0;0
womens_club;2026-05-27;22:33;Mittwoch;22;Abend;61;16.5;0.0;0;0;8.4;0;0;0
gesundbrunnen;2026-05-27;22:33;Mittwoch;22;Abend;59;16.5;0.0;0;0;8.4;0;0;0
charlottenburg;2026-05-28;00:40;Donnerstag;0;Nacht;0;13.9;0.0;0;19;6.5;0;0;0
kreuzberg;2026-05-28;00:40;Donnerstag;0;Nacht;0;13.9;0.0;0;19;6.5;0;0;0
prenzlauer_berg;2026-05-28;00:40;Donnerstag;0;Nacht;12;13.9;0.0;0;19;6.5;0;0;0
boetzow;2026-05-28;00:40;Donnerstag;0;Nacht;0;13.9;0.0;0;19;6.5;0;0;0
friedrichshain;2026-05-28;00:40;Donnerstag;0;Nacht;0;13.9;0.0;0;19;6.5;0;0;0
womens_club;2026-05-28;00:40;Donnerstag;0;Nacht;0;13.9;0.0;0;19;6.5;0;0;0
gesundbrunnen;2026-05-28;00:40;Donnerstag;0;Nacht;0;13.9;0.0;0;19;6.5;0;0;0
charlottenburg;2026-05-28;02:00;Donnerstag;2;Nacht;0;13.4;0.0;0;0;3.4;0;0;0
kreuzberg;2026-05-28;02:00;Donnerstag;2;Nacht;0;13.4;0.0;0;0;3.4;0;0;0
prenzlauer_berg;2026-05-28;02:00;Donnerstag;2;Nacht;4;13.4;0.0;0;0;3.4;0;0;0
boetzow;2026-05-28;02:00;Donnerstag;2;Nacht;0;13.4;0.0;0;0;3.4;0;0;0
friedrichshain;2026-05-28;02:00;Donnerstag;2;Nacht;0;13.4;0.0;0;0;3.4;0;0;0
womens_club;2026-05-28;02:00;Donnerstag;2;Nacht;0;13.4;0.0;0;0;3.4;0;0;0
gesundbrunnen;2026-05-28;02:00;Donnerstag;2;Nacht;0;13.4;0.0;0;0;3.4;0;0;0
charlottenburg;2026-05-28;06:49;Donnerstag;6;Morgen;16;10.3;0.0;0;0;8.1;0;0;0
kreuzberg;2026-05-28;06:49;Donnerstag;6;Morgen;9;10.3;0.0;0;0;8.1;0;0;0
prenzlauer_berg;2026-05-28;06:49;Donnerstag;6;Morgen;15;10.3;0.0;0;0;8.1;0;0;0
boetzow;2026-05-28;06:49;Donnerstag;6;Morgen;22;10.3;0.0;0;0;8.1;0;0;0
friedrichshain;2026-05-28;06:49;Donnerstag;6;Morgen;29;10.3;0.0;0;0;8.1;0;0;0
womens_club;2026-05-28;06:49;Donnerstag;6;Morgen;3;10.3;0.0;0;0;8.1;0;0;0
gesundbrunnen;2026-05-28;06:49;Donnerstag;6;Morgen;11;10.3;0.0;0;0;8.1;0;0;0
charlottenburg;2026-05-28;10:42;Donnerstag;10;Morgen;28;16.2;0.0;2;45;7.9;0;0;0
kreuzberg;2026-05-28;10:42;Donnerstag;10;Morgen;46;16.2;0.0;2;45;7.9;0;0;0
prenzlauer_berg;2026-05-28;10:42;Donnerstag;10;Morgen;42;16.2;0.0;2;45;7.9;0;0;0
boetzow;2026-05-28;10:42;Donnerstag;10;Morgen;48;16.2;0.0;2;45;7.9;0;0;0
friedrichshain;2026-05-28;10:42;Donnerstag;10;Morgen;59;16.2;0.0;2;45;7.9;0;0;0
womens_club;2026-05-28;10:42;Donnerstag;10;Morgen;37;16.2;0.0;2;45;7.9;0;0;0
gesundbrunnen;2026-05-28;10:42;Donnerstag;10;Morgen;43;16.2;0.0;2;45;7.9;0;0;0
charlottenburg;2026-05-28;14:26;Donnerstag;14;Mittag;39;19.7;0.0;2;51;10.2;0;0;0
kreuzberg;2026-05-28;14:26;Donnerstag;14;Mittag;38;19.7;0.0;2;51;10.2;0;0;0
prenzlauer_berg;2026-05-28;14:26;Donnerstag;14;Mittag;56;19.7;0.0;2;51;10.2;0;0;0
boetzow;2026-05-28;14:26;Donnerstag;14;Mittag;43;19.7;0.0;2;51;10.2;0;0;0
friedrichshain;2026-05-28;14:26;Donnerstag;14;Mittag;56;19.7;0.0;2;51;10.2;0;0;0
womens_club;2026-05-28;14:26;Donnerstag;14;Mittag;47;19.7;0.0;2;51;10.2;0;0;0
gesundbrunnen;2026-05-28;14:26;Donnerstag;14;Mittag;57;19.7;0.0;2;51;10.2;0;0;0
charlottenburg;2026-05-28;18:38;Donnerstag;18;Abend;71;20.7;0.0;0;1;9.2;0;0;0
kreuzberg;2026-05-28;18:38;Donnerstag;18;Abend;73;20.7;0.0;0;1;9.2;0;0;0
prenzlauer_berg;2026-05-28;18:38;Donnerstag;18;Abend;63;20.7;0.0;0;1;9.2;0;0;0
boetzow;2026-05-28;18:38;Donnerstag;18;Abend;82;20.7;0.0;0;1;9.2;0;0;0
friedrichshain;2026-05-28;18:38;Donnerstag;18;Abend;93;20.7;0.0;0;1;9.2;0;0;0
womens_club;2026-05-28;18:38;Donnerstag;18;Abend;76;20.7;0.0;0;1;9.2;0;0;0
gesundbrunnen;2026-05-28;18:38;Donnerstag;18;Abend;79;20.7;0.0;0;1;9.2;0;0;0
charlottenburg;2026-05-28;21:35;Donnerstag;21;Abend;58;19.0;0.0;0;6;7.6;0;0;0
kreuzberg;2026-05-28;21:35;Donnerstag;21;Abend;54;19.0;0.0;0;6;7.6;0;0;0
prenzlauer_berg;2026-05-28;21:35;Donnerstag;21;Abend;40;19.0;0.0;0;6;7.6;0;0;0
boetzow;2026-05-28;21:35;Donnerstag;21;Abend;70;19.0;0.0;0;6;7.6;0;0;0
friedrichshain;2026-05-28;21:35;Donnerstag;21;Abend;61;19.0;0.0;0;6;7.6;0;0;0
womens_club;2026-05-28;21:35;Donnerstag;21;Abend;80;19.0;0.0;0;6;7.6;0;0;0
gesundbrunnen;2026-05-28;21:35;Donnerstag;21;Abend;65;19.0;0.0;0;6;7.6;0;0;0
charlottenburg;2026-05-28;23:54;Donnerstag;23;Nacht;0;16.8;0.0;0;2;4.3;0;0;0
kreuzberg;2026-05-28;23:54;Donnerstag;23;Nacht;0;16.8;0.0;0;2;4.3;0;0;0
prenzlauer_berg;2026-05-28;23:54;Donnerstag;23;Nacht;0;16.8;0.0;0;2;4.3;0;0;0
boetzow;2026-05-28;23:54;Donnerstag;23;Nacht;0;16.8;0.0;0;2;4.3;0;0;0
friedrichshain;2026-05-28;23:54;Donnerstag;23;Nacht;0;16.8;0.0;0;2;4.3;0;0;0
womens_club;2026-05-28;23:54;Donnerstag;23;Nacht;0;16.8;0.0;0;2;4.3;0;0;0
gesundbrunnen;2026-05-28;23:54;Donnerstag;23;Nacht;0;16.8;0.0;0;2;4.3;0;0;0
charlottenburg;2026-05-29;01:16;Freitag;1;Nacht;0;15.1;0.0;3;74;2.8;0;0;0
kreuzberg;2026-05-29;01:16;Freitag;1;Nacht;0;15.1;0.0;3;74;2.8;0;0;0
prenzlauer_berg;2026-05-29;01:16;Freitag;1;Nacht;6;15.1;0.0;3;74;2.8;0;0;0
boetzow;2026-05-29;01:16;Freitag;1;Nacht;0;15.1;0.0;3;74;2.8;0;0;0
friedrichshain;2026-05-29;01:16;Freitag;1;Nacht;0;15.1;0.0;3;74;2.8;0;0;0
womens_club;2026-05-29;01:16;Freitag;1;Nacht;0;15.1;0.0;3;74;2.8;0;0;0
gesundbrunnen;2026-05-29;01:16;Freitag;1;Nacht;0;15.1;0.0;3;74;2.8;0;0;0
